./QF_LRA/meti-tarski/cbrt/3/weak/cbrt-problem-3-weak-chunk-0080.smt2,0.02,0.01
./QF_LRA/meti-tarski/sin/problem/7/sin-problem-7-chunk-0012.smt2,0.02,0.02
./QF_LRA/meti-tarski/Chua/2/VC1/L/Chua-2-VC1-L-chunk-0080.smt2,0.03,0.01
./QF_LRA/meti-tarski/Chua/1/VC2/U/Chua-1-VC2-U-chunk-0057.smt2,0.03,0.02
./QF_LRA/meti-tarski/atan/problem/2/weak2/atan-problem-2-weak2-chunk-0119.smt2,0.03,0.02
./QF_LRA/meti-tarski/atan/problem/2/weak2/atan-problem-2-weak2-chunk-0038.smt2,0.03,0.02
./QF_LRA/meti-tarski/Chua/1/VC2/U/Chua-1-VC2-U-chunk-0028.smt2,0.03,0.02
./QF_LRA/meti-tarski/atan/problem/2/weak2/atan-problem-2-weak2-chunk-0054.smt2,0.03,0.02
./QF_LRA/meti-tarski/sin/problem/7/weak/sin-problem-7-weak-chunk-0063.smt2,0.05,0.05
./QF_LRA/meti-tarski/atan/problem/2/weak2/atan-problem-2-weak2-chunk-0014.smt2,0.03,0.02
./QF_LRA/meti-tarski/polypaver/bench-exp-3d/polypaver-bench-exp-3d-chunk-0058.smt2,0.05,0.04
./QF_LRA/meti-tarski/sqrt/1mcosq/8/sqrt-1mcosq-8-chunk-0012.smt2,0.05,0.05
./QF_LRA/meti-tarski/sin/problem/7/weak2/sin-problem-7-weak2-chunk-0031.smt2,0.05,0.04
./QF_LRA/meti-tarski/sin/problem/7/weak/sin-problem-7-weak-chunk-0044.smt2,0.05,0.05
./QF_LRA/meti-tarski/sin/problem/7/weak/sin-problem-7-weak-chunk-0036.smt2,0.04,0.06
./QF_LRA/meti-tarski/cbrt/3/cbrt-problem-3-chunk-0038.smt2,0.02,0.03
./QF_LRA/meti-tarski/sin/problem/7/weak/sin-problem-7-weak-chunk-0008.smt2,0.05,0.03
./QF_LRA/meti-tarski/sqrt/1mcosq/7/sqrt-1mcosq-7-chunk-0103.smt2,0.04,0.05
./QF_LRA/meti-tarski/Chua/1/IL/L/Chua-1-IL-L-chunk-0005.smt2,0.04,0.03
./QF_LRA/meti-tarski/sin/problem/7/sin-problem-7-chunk-0040.smt2,0.05,0.04
./QF_LRA/meti-tarski/sin/problem/7/weak/sin-problem-7-weak-chunk-0051.smt2,0.05,0.06
./QF_LRA/meti-tarski/polypaver/bench-exp-3d/polypaver-bench-exp-3d-chunk-0031.smt2,0.04,0.04
./QF_LRA/meti-tarski/sin/problem/7/weak2/sin-problem-7-weak2-chunk-0074.smt2,0.05,0.05
./QF_LRA/meti-tarski/sqrt/1mcosq/7/sqrt-1mcosq-7-chunk-0014.smt2,0.03,0.04
./QF_LRA/meti-tarski/sin/problem/7/weak/sin-problem-7-weak-chunk-0023.smt2,0.05,0.05
./QF_LRA/meti-tarski/CMOS/CMOS-opamp-chunk-0013.smt2,0.03,0.02
./QF_LRA/meti-tarski/sin/problem/7/weak/sin-problem-7-weak-chunk-0004.smt2,0.04,0.03
./QF_LRA/meti-tarski/atan/problem/2/weak2/atan-problem-2-weak2-chunk-0004.smt2,0.03,0.02
./QF_LRA/meti-tarski/Chua/1/VC2/L/Chua-1-VC2-L-chunk-0042.smt2,0.04,0.02
./QF_LRA/meti-tarski/atan/problem/2/weak2/atan-problem-2-weak2-chunk-0104.smt2,0.03,0.02
./QF_LRA/meti-tarski/Chua/2/IL/L/Chua-2-IL-L-chunk-0030.smt2,0.05,0.07
./QF_LRA/meti-tarski/sin/problem/7/weak/sin-problem-7-weak-chunk-0006.smt2,0.04,0.04
./QF_LRA/meti-tarski/Chua/1/IL/U/Chua-1-IL-U-chunk-0035.smt2,0.03,0.02
./QF_LRA/meti-tarski/sin/problem/7/weak/sin-problem-7-weak-chunk-0022.smt2,0.06,0.05
./QF_LRA/meti-tarski/sin/problem/7/weak2/sin-problem-7-weak2-chunk-0037.smt2,0.06,0.04
./QF_LRA/meti-tarski/Chua/1/VC1/L/Chua-1-VC1-L-chunk-0058.smt2,0.03,0.02
./QF_LRA/meti-tarski/sin/problem/7/weak2/sin-problem-7-weak2-chunk-0032.smt2,0.06,0.05
./QF_LRA/meti-tarski/atan/problem/2/weak2/atan-problem-2-weak2-chunk-0062.smt2,0.03,0.02
./QF_LRA/meti-tarski/sin/problem/7/weak2/sin-problem-7-weak2-chunk-0027.smt2,0.05,0.05
./QF_LRA/meti-tarski/sin/problem/7/weak2/sin-problem-7-weak2-chunk-0039.smt2,0.06,0.05
./QF_LRA/meti-tarski/polypaver/bench-exp-3d/polypaver-bench-exp-3d-chunk-0032.smt2,0.04,0.04
./QF_LRA/meti-tarski/sqrt/1mcosq/7/sqrt-1mcosq-7-chunk-0120.smt2,0.04,0.04
./QF_LRA/meti-tarski/sin/problem/7/sin-problem-7-chunk-0014.smt2,0.03,0.03
./QF_LRA/meti-tarski/sin/problem/8/weak/sin-problem-8-weak-chunk-0008.smt2,0.05,0.04
./QF_LRA/meti-tarski/Chua/2/VC1/L/Chua-2-VC1-L-chunk-0082.smt2,0.03,0.02
./QF_LRA/meti-tarski/CMOS/CMOS-opamp-chunk-0015.smt2,0.06,0.06
./QF_LRA/meti-tarski/sqrt/1mcosq/7/sqrt-1mcosq-7-chunk-0068.smt2,0.05,0.04
./QF_LRA/meti-tarski/sin/problem/7/weak/sin-problem-7-weak-chunk-0021.smt2,0.10,0.06
./QF_LRA/meti-tarski/sin/problem/8/weak/sin-problem-8-weak-chunk-0018.smt2,0.07,0.05
./QF_LRA/meti-tarski/Chua/1/VC1/U/Chua-1-VC1-U-chunk-0035.smt2,0.03,0.02
./QF_LRA/meti-tarski/CMOS/CMOS-opamp-chunk-0012.smt2,0.04,0.06
./QF_LRA/meti-tarski/Chua/1/VC2/U/Chua-1-VC2-U-chunk-0043.smt2,0.03,0.03
./QF_LRA/meti-tarski/sin/problem/7/weak2/sin-problem-7-weak2-chunk-0047.smt2,0.04,0.05
./QF_LRA/meti-tarski/sin/problem/7/sin-problem-7-chunk-0026.smt2,0.04,0.03
./QF_LRA/meti-tarski/atan/problem/2/weak2/atan-problem-2-weak2-chunk-0017.smt2,0.03,0.02
./QF_LRA/meti-tarski/sin/problem/7/weak2/sin-problem-7-weak2-chunk-0006.smt2,0.04,0.03
./QF_LRA/meti-tarski/cbrt/3/weak/cbrt-problem-3-weak-chunk-0043.smt2,0.02,0.03
./QF_LRA/meti-tarski/sin/problem/7/sin-problem-7-chunk-0061.smt2,0.03,0.04
./QF_LRA/meti-tarski/atan/problem/2/weak2/atan-problem-2-weak2-chunk-0076.smt2,0.03,0.02
./QF_LRA/meti-tarski/CMOS/CMOS-opamp-chunk-0016.smt2,0.02,0.03
./QF_LRA/meti-tarski/sin/problem/8/weak/sin-problem-8-weak-chunk-0009.smt2,0.04,0.06
./QF_LRA/meti-tarski/Chua/2/IL/L/Chua-2-IL-L-chunk-0071.smt2,0.09,0.07
./QF_LRA/meti-tarski/Chua/1/IL/U/Chua-1-IL-U-chunk-0030.smt2,0.03,0.02
./QF_LRA/meti-tarski/sin/problem/8/sin-problem-8-chunk-0011.smt2,0.04,0.04
./QF_LRA/meti-tarski/polypaver/bench-exp-3d/polypaver-bench-exp-3d-chunk-0048.smt2,0.04,0.05
./QF_LRA/meti-tarski/polypaver/bench-exp-3d/polypaver-bench-exp-3d-chunk-0035.smt2,0.06,0.06
./QF_LRA/meti-tarski/asin/8/asin-8-chunk-0030.smt2,0.04,0.06
./QF_LRA/meti-tarski/bottom-plate-mixer/bottom-plate-mixer-chunk-0051.smt2,0.22,0.19
./QF_LRA/meti-tarski/cbrt/3/cbrt-problem-3-chunk-0071.smt2,0.04,0.04
./QF_LRA/meti-tarski/Chua/1/VC2/L/Chua-1-VC2-L-chunk-0030.smt2,0.03,0.02
./QF_LRA/meti-tarski/polypaver/bench-exp-3d/polypaver-bench-exp-3d-chunk-0057.smt2,0.05,0.05
./QF_LRA/DTP-Scheduling/constraints-cooking01.smt2,0.31,0.63
./QF_LRA/meti-tarski/polypaver/bench-exp-3d/polypaver-bench-exp-3d-chunk-0039.smt2,0.09,0.08
./QF_LRA/DTP-Scheduling/constraints-tempo-width-2.smt2,0.27,1.11
./QF_LRA/DTP-Scheduling/constraints-cooking02.smt2,0.48,0.96
./QF_LRA/sc/sc-6.induction.cvc.smt2,0.29,1.15
./QF_LRA/meti-tarski/polypaver/bench-exp-3d/polypaver-bench-exp-3d-chunk-0089.smt2,0.05,0.05
./QF_LRA/DTP-Scheduling/constraints-tempo-depth-4.smt2,0.63,0.91
./QF_LRA/meti-tarski/sqrt/1mcosq/7/sqrt-1mcosq-7-chunk-0092.smt2,0.05,0.04
./QF_LRA/DTP-Scheduling/constraints-temporal-machine-shop-2-3-A03.smt2,0.64,0.98
./QF_LRA/meti-tarski/Chua/1/IL/L/Chua-1-IL-L-chunk-0013.smt2,0.04,0.03
./QF_LRA/meti-tarski/asin/8/asin-8-chunk-0032.smt2,0.06,0.07
./QF_LRA/DTP-Scheduling/constraints-cooking03.smt2,0.66,1.13
./QF_LRA/meti-tarski/Chua/1/VC2/L/Chua-1-VC2-L-chunk-0056.smt2,0.04,0.03
./QF_LRA/meti-tarski/Chua/1/VC1/L/Chua-1-VC1-L-chunk-0012.smt2,0.03,0.02
./QF_LRA/meti-tarski/Chua/1/IL/L/Chua-1-IL-L-chunk-0008.smt2,0.04,0.03
./QF_LRA/meti-tarski/atan/problem/2/weak2/atan-problem-2-weak2-chunk-0107.smt2,0.04,0.02
./QF_LRA/meti-tarski/atan/problem/1/weak/atan-problem-1-weak-chunk-0021.smt2,0.03,0.02
./QF_LRA/sc/sc-9.induction.cvc.smt2,0.46,1.86
./QF_LRA/LassoRanker/Ultimate/CooperatingT2_consts1.bpl_Iteration1_Lasso_6-phaseTemplate.smt2,0.03,2.40
./QF_LRA/sc/sc-10.induction.cvc.smt2,0.61,2.27
./QF_LRA/meti-tarski/sin/problem/7/weak/sin-problem-7-weak-chunk-0065.smt2,0.06,0.07
./QF_LRA/sc/sc-5.induction3.cvc.smt2,0.70,2.56
./QF_LRA/DTP-Scheduling/constraints-tms-2-3-light-05.smt2,0.88,2.44
./QF_LRA/sc/sc-12.induction.cvc.smt2,0.77,2.47
./QF_LRA/DTP-Scheduling/constraints-cooking04.smt2,1.09,2.21
./QF_LRA/DTP-Scheduling/constraints-tempo-matrix1x1.pddl.smt2,0.14,0.15
./QF_LRA/tta_startup/simple_startup_8nodes.bug.induct.smt2,0.04,3.54
./QF_LRA/meti-tarski/Chua/1/VC2/L/Chua-1-VC2-L-chunk-0035.smt2,0.03,0.02
./QF_LRA/2019-ezsmt/blending/22.smt2,1.82,2.15
./QF_LRA/2019-ezsmt/blending/23.smt2,2.23,1.86
./QF_LRA/meti-tarski/Chua/1/IL/L/Chua-1-IL-L-chunk-0010.smt2,0.04,0.03
./QF_LRA/DTP-Scheduling/constraints-tempo-matrix2x2.pddl.smt2,0.75,3.60
./QF_LRA/meti-tarski/sqrt/1mcosq/8/sqrt-1mcosq-8-chunk-0417.smt2,0.06,0.06
./QF_LRA/2019-ezsmt/blending/15.smt2,2.43,2.17
./QF_LRA/2019-ezsmt/blending/input01.txt.smt2,2.43,2.46
./QF_LRA/DTP-Scheduling/constraints-tms-2-3-light-10.smt2,1.62,3.39
./QF_LRA/DTP-Scheduling/constraints-tms-2-3-light-06.smt2,1.34,3.98
./QF_LRA/sc/sc-14.induction.cvc.smt2,1.06,4.18
./QF_LRA/meti-tarski/cbrt/3/weak/cbrt-problem-3-weak-chunk-0067.smt2,0.02,0.04
./QF_LRA/sc/sc-16.induction.cvc.smt2,1.27,4.92
./QF_LRA/meti-tarski/Chua/1/IL/L/Chua-1-IL-L-chunk-0011.smt2,0.04,0.03
./QF_LRA/DTP-Scheduling/constraints-cooking05.smt2,1.99,2.99
./QF_LRA/DTP-Scheduling/constraints-cooking09.smt2,2.57,4.24
./QF_LRA/sc/sc-7.induction2.cvc.smt2,1.66,5.09
./QF_LRA/meti-tarski/sin/problem/7/weak/sin-problem-7-weak-chunk-0056.smt2,0.07,0.07
./QF_LRA/tta_startup/simple_startup_10nodes.bug.induct.smt2,0.07,5.18
./QF_LRA/meti-tarski/bottom-plate-mixer/bottom-plate-mixer-chunk-0019.smt2,0.07,0.06
./QF_LRA/meti-tarski/cbrt/3/cbrt-problem-3-chunk-0047.smt2,0.05,0.05
./QF_LRA/meti-tarski/atan/problem/2/weak2/atan-problem-2-weak2-chunk-0005.smt2,0.04,0.02
./QF_LRA/sc/sc-9.induction3.cvc.smt2,2.00,5.39
./QF_LRA/meti-tarski/sqrt/1mcosq/7/sqrt-1mcosq-7-chunk-0067.smt2,0.06,0.06
./QF_LRA/LassoRanker/SV-COMP/LeeJonesBen-Amram-2001POPL-Ex6_true-termination.c_Iteration2_Lasso_6-phaseTemplate.smt2,0.03,6.52
./QF_LRA/meti-tarski/Chua/1/IL/L/Chua-1-IL-L-chunk-0142.smt2,0.07,0.03
./QF_LRA/LassoRanker/Ultimate/CooperatingT2_consts1.bpl_Iteration1_Lasso_3-pieceTemplate.smt2,0.04,5.24
./QF_LRA/sc/sc-25.induction.cvc.smt2,1.80,6.64
./QF_LRA/meti-tarski/sin/344/4/sin-344-4-chunk-0016.smt2,0.03,0.05
./QF_LRA/meti-tarski/atan/problem/2/weak2/atan-problem-2-weak2-chunk-0051.smt2,0.03,0.02
./QF_LRA/sc/sc-12.induction2.cvc.smt2,2.95,5.73
./QF_LRA/meti-tarski/bottom-plate-mixer/bottom-plate-mixer-chunk-0008.smt2,0.04,0.07
./QF_LRA/sc/sc-22.induction.cvc.smt2,1.52,5.24
./QF_LRA/meti-tarski/Chua/1/VC2/L/Chua-1-VC2-L-chunk-0008.smt2,0.04,0.03
./QF_LRA/sc/sc-28.induction.cvc.smt2,2.48,7.61
./QF_LRA/meti-tarski/CMOS/CMOS-opamp-chunk-0007.smt2,0.03,0.02
./QF_LRA/sal/tgc/tgc_io-safe-18.smt2,0.88,7.65
./QF_LRA/2019-ezsmt/blending/11.smt2,2.73,2.98
./QF_LRA/DTP-Scheduling/constraints-temporal-machine-shop-2-3-A08.smt2,2.25,8.32
./QF_LRA/DTP-Scheduling/constraints-tempo-depth-7.smt2,1.36,2.29
./QF_LRA/tta_startup/simple_startup_9nodes.bug.induct.smt2,0.06,4.20
./QF_LRA/DTP-Scheduling/constraints-cooking11.smt2,3.72,8.43
./QF_LRA/DTP-Scheduling/constraints-temporal-machine-shop-2-3-A09.smt2,3.12,9.90
./QF_LRA/sc/sc-30.induction.cvc.smt2,3.40,10.31
./QF_LRA/meti-tarski/sin/problem/8/weak/sin-problem-8-weak-chunk-0037.smt2,0.06,0.06
./QF_LRA/LassoRanker/SV-COMP/LeeJonesBen-Amram-2001POPL-Ex6_true-termination.c_Iteration1_Lasso_7-phaseTemplate.smt2,0.04,5.88
./QF_LRA/sc/sc-37.induction.cvc.smt2,4.25,10.43
./QF_LRA/sc/sc-15.induction2.cvc.smt2,4.40,10.81
./QF_LRA/sal/tgc/tgc_io-safe-17.smt2,1.16,9.70
./QF_LRA/sc/sc-21.induction2.cvc.smt2,4.40,11.05
./QF_LRA/sc/sc-27.induction.cvc.smt2,2.30,8.00
./QF_LRA/meti-tarski/sqrt/1mcosq/7/sqrt-1mcosq-7-chunk-0065.smt2,0.05,0.06
./QF_LRA/sc/sc-34.induction.cvc.smt2,4.18,13.91
./QF_LRA/LassoRanker/SV-COMP/LeeJonesBen-Amram-2001POPL-Ex6_true-termination.c_Iteration2_Lasso_7-phaseTemplate.smt2,0.04,7.68
./QF_LRA/sc/sc-18.induction2.cvc.smt2,5.57,12.79
./QF_LRA/sc/sc-24.induction2.cvc.smt2,6.25,12.88
./QF_LRA/LassoRanker/CooperatingT2/eric2.t2.c_Iteration3_Loop_7-phaseTemplate.smt2,2.07,10.33
./QF_LRA/DTP-Scheduling/constraints-tempo-depth-30.smt2,5.38,13.96
./QF_LRA/meti-tarski/atan/problem/1/weak/atan-problem-1-weak-chunk-0019.smt2,0.03,0.02
./QF_LRA/sal/windowreal/windowreal-safe-3.smt2,0.06,0.19
./QF_LRA/meti-tarski/sin/problem/7/sin-problem-7-chunk-0030.smt2,0.05,0.04
./QF_LRA/sc/sc-10.induction2.cvc.smt2,2.92,6.79
./QF_LRA/meti-tarski/sin/problem/7/weak/sin-problem-7-weak-chunk-0013.smt2,0.04,0.04
./QF_LRA/sc/sc-15.induction.cvc.smt2,1.28,5.13
./QF_LRA/meti-tarski/Arthan/1A/Arthan1A-chunk-0015.smt2,0.05,0.04
./QF_LRA/sc/sc-25.induction2.cvc.smt2,7.22,14.31
./QF_LRA/sc/sc-31.induction.cvc.smt2,3.86,11.22
./QF_LRA/DTP-Scheduling/constraints-cooking20.smt2,5.65,16.01
./QF_LRA/sc/sc-6.induction3.cvc.smt2,1.40,3.90
./QF_LRA/sc/sc-17.induction3.cvc.smt2,4.10,18.87
./QF_LRA/sc/sc-28.induction2.cvc.smt2,8.76,14.13
./QF_LRA/meti-tarski/sin/problem/7/weak2/sin-problem-7-weak2-chunk-0036.smt2,0.05,0.06
./QF_LRA/DTP-Scheduling/constraints-cooking15.smt2,5.36,17.86
./QF_LRA/meti-tarski/sqrt/1mcosq/7/sqrt-1mcosq-7-chunk-0082.smt2,0.04,0.04
./QF_LRA/meti-tarski/sin/problem/7/weak/sin-problem-7-weak-chunk-0041.smt2,0.04,0.04
./QF_LRA/sc/sc-27.induction2.cvc.smt2,9.33,14.41
./QF_LRA/meti-tarski/cbrt/3/weak/cbrt-problem-3-weak-chunk-0047.smt2,0.02,0.06
./QF_LRA/meti-tarski/Chua/1/VC1/L/Chua-1-VC1-L-chunk-0005.smt2,0.03,0.01
./QF_LRA/LassoRanker/Ultimate/Gothenburg.bpl_Iteration1_Lasso_7-phaseTemplate.smt2,0.04,5.79
./QF_LRA/meti-tarski/sin/problem/7/weak/sin-problem-7-weak-chunk-0035.smt2,0.06,0.05
./QF_LRA/meti-tarski/atan/problem/2/weak2/atan-problem-2-weak2-chunk-0026.smt2,0.04,0.02
./QF_LRA/meti-tarski/sin/problem/7/weak/sin-problem-7-weak-chunk-0069.smt2,0.06,0.05
./QF_LRA/sal/tgc/tgc_io-safe-19.smt2,1.34,8.77
./QF_LRA/uart/uart-10.induction.cvc.smt2,3.53,23.02
./QF_LRA/meti-tarski/polypaver/bench-exp-3d/polypaver-bench-exp-3d-chunk-0018.smt2,0.04,0.03
./QF_LRA/meti-tarski/sin/problem/7/weak/sin-problem-7-weak-chunk-0024.smt2,0.06,0.06
./QF_LRA/LassoRanker/SV-COMP/LeeJonesBen-Amram-2001POPL-Ex6_true-termination.c_Iteration1_Lasso_4-pieceTemplate.smt2,0.05,18.58
./QF_LRA/meti-tarski/sin/problem/7/weak2/sin-problem-7-weak2-chunk-0041.smt2,0.05,0.06
./QF_LRA/sc/sc-15.induction3.cvc.smt2,4.09,13.89
./QF_LRA/meti-tarski/sin/problem/7/sin-problem-7-chunk-0005.smt2,0.03,0.02
./QF_LRA/2017-Heizmann-UltimateInvariantSynthesis/_standard_two_index_04.i_3_2_2.bpl_11.smt2,0.03,8.25
./QF_LRA/LassoRanker/CooperatingT2/polyrank6.t2.c_Iteration1_Loop_7-phaseTemplate.smt2,0.05,13.10
./QF_LRA/sc/sc-11.induction3.cvc.smt2,2.04,6.54
./QF_LRA/DTP-Scheduling/constraints-cooking22.smt2,7.93,22.94
./QF_LRA/LassoRanker/Ultimate/MenloPark.bpl_Iteration1_Lasso_7-phaseTemplate.smt2,10.07,21.74
./QF_LRA/meti-tarski/Chua/1/VC1/L/Chua-1-VC1-L-chunk-0013.smt2,0.03,0.02
./QF_LRA/tta_startup/simple_startup_4nodes.bug.induct.smt2,0.03,0.82
./QF_LRA/DTP-Scheduling/constraints-cooking19.smt2,6.35,19.20
./QF_LRA/sc/sc-20.induction3.cvc.smt2,6.06,22.97
./QF_LRA/sc/sc-12.induction3.cvc.smt2,2.49,8.85
./QF_LRA/meti-tarski/sin/problem/8/weak/sin-problem-8-weak-chunk-0014.smt2,0.06,0.06
./QF_LRA/meti-tarski/cbrt/3/weak/cbrt-problem-3-weak-chunk-0053.smt2,0.02,0.01
./QF_LRA/meti-tarski/Chua/1/IL/L/Chua-1-IL-L-chunk-0043.smt2,0.04,0.03
./QF_LRA/sc/sc-36.induction2.cvc.smt2,10.58,24.63
./QF_LRA/LassoRanker/Ultimate/GulwaniResetBranchOnly.bpl_Iteration1_Lasso_6-phaseTemplate.smt2,6.94,27.11
./QF_LRA/sc/sc-23.induction3.cvc.smt2,5.56,29.32
./QF_LRA/sal/carpark/Carpark2-ausgabe-8.smt2,0.83,2.88
./QF_LRA/DTP-Scheduling/constraints-tempo-depth-50.smt2,11.37,28.28
./QF_LRA/meti-tarski/sin/problem/7/weak/sin-problem-7-weak-chunk-0031.smt2,0.11,0.07
./QF_LRA/meti-tarski/polypaver/bench-exp-3d/polypaver-bench-exp-3d-chunk-0043.smt2,0.08,0.08
./QF_LRA/DTP-Scheduling/constraints-cooking16.smt2,6.25,13.44
./QF_LRA/2017-Heizmann-UltimateInvariantSynthesis/_hhk2008.c.i_3_3_2.bpl_7.smt2,20.90,22.07
./QF_LRA/2017-Heizmann-UltimateInvariantSynthesis/_simple4.i_3_4_2.bpl_11.smt2,10.13,19.08
./QF_LRA/sc/sc-28.induction3.cvc.smt2,5.36,38.84
./QF_LRA/DTP-Scheduling/constraints-temporal-machine-shop-2-3-A20.smt2,5.66,39.01
./QF_LRA/meti-tarski/bottom-plate-mixer/bottom-plate-mixer-chunk-0006.smt2,0.05,0.06
./QF_LRA/meti-tarski/sin/cos/sin-cos-346-b-chunk-0009.smt2,0.05,0.06
./QF_LRA/meti-tarski/sin/problem/7/weak2/sin-problem-7-weak2-chunk-0038.smt2,0.06,0.07
./QF_LRA/uart/uart-9.induction.cvc.smt2,5.42,21.47
./QF_LRA/LassoRanker/CooperatingT2/smagillc-fail.t2.c_Iteration1_Loop_7-phaseTemplate.smt2,0.05,23.77
./QF_LRA/latendresse/ecoliFBAyicesTest-31875-32.smt2,0.88,32.39
./QF_LRA/sc/sc-19.induction2.cvc.smt2,5.09,10.89
./QF_LRA/meti-tarski/atan/problem/2/weak2/atan-problem-2-weak2-chunk-0034.smt2,0.04,0.02
./QF_LRA/sc/sc-30.induction2.cvc.smt2,12.51,18.42
./QF_LRA/meti-tarski/polypaver/bench-exp-3d/polypaver-bench-exp-3d-chunk-0144.smt2,0.07,0.05
./QF_LRA/meti-tarski/sin/problem/7/weak2/sin-problem-7-weak2-chunk-0021.smt2,0.04,0.04
./QF_LRA/TM/p3-driverlogNumeric_s8.smt2,0.07,48.09
./QF_LRA/meti-tarski/CMOS/CMOS-opamp-chunk-0010.smt2,0.04,0.03
./QF_LRA/DTP-Scheduling/constraints-tempo-depth-40.smt2,7.54,22.17
./QF_LRA/2017-Heizmann-UltimateInvariantSynthesis/_array_monotonic.i_3_2_2.bpl_11.smt2,9.09,16.59
./QF_LRA/DTP-Scheduling/constraints-cooking08.smt2,3.49,4.93
./QF_LRA/meti-tarski/sqrt/1mcosq/8/sqrt-1mcosq-8-chunk-0037.smt2,0.08,0.07
./QF_LRA/LassoRanker/CooperatingT2/mc91test.t2.c_Iteration6_Loop_4-pieceTemplate.smt2,0.08,34.20
./QF_LRA/meti-tarski/sin/problem/8/weak/sin-problem-8-weak-chunk-0021.smt2,0.07,0.06
./QF_LRA/meti-tarski/Chua/2/VC1/L/Chua-2-VC1-L-chunk-0051.smt2,0.04,0.02
./QF_LRA/LassoRanker/CooperatingT2/toeplz.c.i.toeplz.pl.t2.fixed.t2.c_Iteration9_Loop_7-phaseTemplate.smt2,7.77,30.21
./QF_LRA/meti-tarski/sin/problem/7/weak/sin-problem-7-weak-chunk-0058.smt2,0.04,0.05
./QF_LRA/LassoRanker/Ultimate/yPositive-SIscaled50.bpl_Iteration1_Loop_5-phaseTemplate.smt2,0.05,22.71
./QF_LRA/meti-tarski/sin/problem/7/weak/sin-problem-7-weak-chunk-0054.smt2,0.06,0.07
./QF_LRA/sc/sc-22.induction2.cvc.smt2,6.38,15.04
./QF_LRA/meti-tarski/sin/problem/7/weak/sin-problem-7-weak-chunk-0025.smt2,0.07,0.06
./QF_LRA/LassoRanker/Ultimate/SanDiego.bpl_Iteration1_Loop_4-pieceTemplate.smt2,6.41,21.48
./QF_LRA/DTP-Scheduling/constraints-tms-2-3-light-40.smt2,13.80,50.14
./QF_LRA/DTP-Scheduling/constraints-temporal-machine-shop-2-3-A30.smt2,10.70,53.29
./QF_LRA/meti-tarski/sin/problem/7/sin-problem-7-chunk-0052.smt2,0.04,0.04
./QF_LRA/sc/sc-29.induction.cvc.smt2,2.76,8.31
./QF_LRA/TM/p4-zenonumeric_s5.smt2,18.18,32.89
./QF_LRA/meti-tarski/bottom-plate-mixer/bottom-plate-mixer-chunk-0014.smt2,0.06,0.07
./QF_LRA/sc/sc-40.induction.cvc.smt2,4.71,13.70
./QF_LRA/2019-ezsmt/blending/25.smt2,2.70,2.46
./QF_LRA/DTP-Scheduling/constraints-cooking18.smt2,6.60,16.96
./QF_LRA/meti-tarski/sin/problem/7/weak2/sin-problem-7-weak2-chunk-0007.smt2,0.02,0.02
./QF_LRA/meti-tarski/atan/problem/2/weak/atan-problem-2-weak-chunk-0203.smt2,0.03,0.02
./QF_LRA/sc/sc-5.induction.cvc.smt2,0.19,1.43
./QF_LRA/2019-ezsmt/blending/27.smt2,2.66,2.82
./QF_LRA/meti-tarski/sin/problem/7/weak2/sin-problem-7-weak2-chunk-0004.smt2,0.03,0.02
./QF_LRA/meti-tarski/bottom-plate-mixer/bottom-plate-mixer-chunk-0034.smt2,0.07,0.07
./QF_LRA/uart/uart-5.induction.cvc.smt2,1.91,39.61
./QF_LRA/meti-tarski/sin/problem/7/weak/sin-problem-7-weak-chunk-0016.smt2,0.04,0.04
./QF_LRA/meti-tarski/sqrt/1mcosq/7/sqrt-1mcosq-7-chunk-0064.smt2,0.05,0.06
./QF_LRA/DTP-Scheduling/constraints-cooking12.smt2,3.67,11.62
./QF_LRA/2017-Heizmann-UltimateInvariantSynthesis/_sorting_bubblesort_ground.i_4_3_3.bpl_11.smt2,0.06,44.53
./QF_LRA/TM/p-0-bucket_s7.smt2,33.19,42.88
./QF_LRA/meti-tarski/sin/problem/7/weak/sin-problem-7-weak-chunk-0010.smt2,0.04,0.04
./QF_LRA/meti-tarski/Chua/1/VC1/L/Chua-1-VC1-L-chunk-0006.smt2,0.02,0.01
./QF_LRA/meti-tarski/bottom-plate-mixer/bottom-plate-mixer-chunk-0011.smt2,0.06,0.07
./QF_LRA/meti-tarski/atan/problem/1/atan-problem-1-chunk-0015.smt2,0.03,0.02
./QF_LRA/sc/sc-25.induction3.cvc.smt2,6.58,36.40
./QF_LRA/meti-tarski/sqrt/1mcosq/8/sqrt-1mcosq-8-chunk-0011.smt2,0.05,0.06
./QF_LRA/LassoRanker/CooperatingT2/selectSort.t2.c_Iteration3_Loop_7-phaseTemplate.smt2,0.06,25.82
./QF_LRA/meti-tarski/sin/problem/7/weak2/sin-problem-7-weak2-chunk-0069.smt2,0.06,0.06
./QF_LRA/LassoRanker/Ultimate/Braverman-2006CAV-Ex1-int.bpl_Iteration1_Loop_7-phaseTemplate.smt2,4.43,5.56
./QF_LRA/sc/sc-13.induction.cvc.smt2,0.88,3.26
./QF_LRA/LassoRanker/CooperatingT2/consts1.t2.c_Iteration1_Lasso_4-pieceTemplate.smt2,0.07,30.27
./QF_LRA/meti-tarski/sin/problem/7/weak2/sin-problem-7-weak2-chunk-0033.smt2,0.06,0.06
./QF_LRA/LassoRanker/CooperatingT2/toeplz.t2.c_Iteration9_Loop_7-phaseTemplate.smt2,9.23,28.53
./QF_LRA/sc/sc-16.induction3.cvc.smt2,3.99,17.36
./QF_LRA/meti-tarski/cbrt/3/weak/cbrt-problem-3-weak-chunk-0055.smt2,0.02,0.04
./QF_LRA/meti-tarski/sin/344/3/sin-344-3-weak-chunk-0029.smt2,0.04,0.04
./QF_LRA/meti-tarski/cbrt/3/weak/cbrt-problem-3-weak-chunk-0044.smt2,0.02,0.04
./QF_LRA/LassoRanker/CooperatingT2/ludcmp.t2.c_Iteration7_Loop_7-phaseTemplate.smt2,18.14,29.24
./QF_LRA/TM/p4-driverlogNumeric_s8.smt2,0.10,73.92
./QF_LRA/sc/sc-34.induction3.cvc.smt2,9.05,69.11
./QF_LRA/sc/sc-39.induction3.cvc.smt2,7.42,88.17
./QF_LRA/DTP-Scheduling/constraints-tms-2-3-light-20.smt2,6.62,23.99
./QF_LRA/meti-tarski/sin/cos/sin-cos-346-b-chunk-0137.smt2,0.04,0.05
./QF_LRA/LassoRanker/Ultimate/GulwaniResetBranchOnly.bpl_Iteration1_Lasso_4-pieceTemplate.smt2,24.67,65.12
./QF_LRA/sc/sc-21.induction3.cvc.smt2,5.16,26.15
./QF_LRA/LassoRanker/SV-COMP/LeeJonesBen-Amram-2001POPL-Ex2_true-termination.c_Iteration1_Lasso_4-pieceTemplate.smt2,0.08,50.38
./QF_LRA/sc/sc-24.induction3.cvc.smt2,5.45,29.97
./QF_LRA/DTP-Scheduling/constraints-tempo-width-4.smt2,1.29,7.71
./QF_LRA/sc/sc-38.induction3.cvc.smt2,11.83,93.69
./QF_LRA/LassoRanker/CooperatingT2/wrong_loop.t2.c_Iteration3_Loop_7-phaseTemplate.smt2,1.49,19.50
./QF_LRA/sc/sc-18.induction.cvc.smt2,1.80,6.36
./QF_LRA/sc/sc-40.induction3.cvc.smt2,15.12,97.90
./QF_LRA/meti-tarski/Chua/1/VC1/U/Chua-1-VC1-U-chunk-0059.smt2,0.03,0.02
./QF_LRA/tropical-matrix/constraint-251380.smt2,17.81,27.83
./QF_LRA/meti-tarski/sin/problem/8/sin-problem-8-chunk-0037.smt2,0.04,0.04
./QF_LRA/sc/sc-20.induction2.cvc.smt2,5.15,12.55
./QF_LRA/meti-tarski/Chua/1/IL/U/Chua-1-IL-U-chunk-0042.smt2,0.04,0.03
./QF_LRA/2017-Heizmann-UltimateInvariantSynthesis/_standard_init7_ground.i_3_2_2.bpl_7.smt2,27.47,65.97
./QF_LRA/meti-tarski/cbrt/3/cbrt-problem-3-chunk-0059.smt2,0.05,0.04
./QF_LRA/meti-tarski/sin/problem/7/sin-problem-7-chunk-0063.smt2,0.04,0.04
./QF_LRA/LassoRanker/Ultimate/Gcd.bpl_Iteration1_Lasso_7-phaseTemplate.smt2,37.28,51.81
./QF_LRA/DTP-Scheduling/constraints-tms-2-3-light-30.smt2,8.00,36.01
./QF_LRA/LassoRanker/Ultimate/Gcd_havoc.bpl_Iteration1_Lasso_6-phaseTemplate.smt2,28.25,36.90
./QF_LRA/DTP-Scheduling/constraints-temporal-machine-shop-2-3-A40.smt2,13.50,86.52
./QF_LRA/LassoRanker/CooperatingT2/p-55.t2.c_Iteration3_Loop_7-phaseTemplate.smt2,0.09,38.27
./QF_LRA/meti-tarski/Chua/1/IL/L/Chua-1-IL-L-chunk-0128.smt2,0.04,0.02
./QF_LRA/DTP-Scheduling/constraints-tempo-width-1.smt2,0.14,0.16
./QF_LRA/meti-tarski/bottom-plate-mixer/bottom-plate-mixer-chunk-0015.smt2,0.02,0.01
./QF_LRA/sal/tgc/tgc_io-safe-20.smt2,1.84,11.64
./QF_LRA/uart/uart-17.induction.cvc.smt2,11.57,66.20
./QF_LRA/meti-tarski/sqrt/1mcosq/7/sqrt-1mcosq-7-chunk-0101.smt2,0.04,0.04
./QF_LRA/uart/uart-12.induction.cvc.smt2,9.56,33.86
./QF_LRA/LassoRanker/Ultimate/bound-scaled200.bpl_Iteration1_Loop_6-phaseTemplate.smt2,0.08,68.97
./QF_LRA/meti-tarski/sin/problem/7/sin-problem-7-chunk-0024.smt2,0.04,0.04
./QF_LRA/sal/windowreal/windowreal-safe-4.smt2,0.08,0.34
./QF_LRA/LassoRanker/CooperatingT2/elmhes.t2.c_Iteration4_Loop_7-phaseTemplate.smt2,9.70,74.19
./QF_LRA/DTP-Scheduling/constraints-temporal-machine-shop-2-3-A60.smt2,17.37,133.24
./QF_LRA/DTP-Scheduling/constraints-temporal-machine-shop-2-3-A10.smt2,3.50,10.89
./QF_LRA/uart/uart-23.induction.cvc.smt2,36.47,141.60
./QF_LRA/DTP-Scheduling/constraints-tempo-depth-100.smt2,19.86,61.02
./QF_LRA/DTP-Scheduling/constraints-tms-2-3-light-09.smt2,2.72,7.71
./QF_LRA/LassoRanker/CooperatingT2/ludcmp.t2.c_Iteration9_Loop_6-phaseTemplate.smt2,29.19,57.66
./QF_LRA/meti-tarski/sin/problem/7/weak/sin-problem-7-weak-chunk-0005.smt2,0.03,0.02
./QF_LRA/meti-tarski/atan/problem/2/weak2/atan-problem-2-weak2-chunk-0129.smt2,0.04,0.02
./QF_LRA/LassoRanker/Ultimate/yPositive-SIscaled100.bpl_Iteration1_Loop_6-phaseTemplate.smt2,0.09,78.70
./QF_LRA/TM/p-2-bucket_s11.smt2,0.09,182.35
./QF_LRA/meti-tarski/polypaver/bench-exp-3d/polypaver-bench-exp-3d-chunk-0038.smt2,0.05,0.07
./QF_LRA/sc/sc-21.induction.cvc.smt2,1.77,8.71
./QF_LRA/sc/sc-6.induction2.cvc.smt2,1.37,4.50
./QF_LRA/meti-tarski/Chua/2/IL/L/Chua-2-IL-L-chunk-0035.smt2,0.11,0.07
./QF_LRA/meti-tarski/bottom-plate-mixer/bottom-plate-mixer-chunk-0005.smt2,0.05,0.06
./QF_LRA/meti-tarski/atan/problem/1/atan-problem-1-chunk-0031.smt2,0.04,0.02
./QF_LRA/meti-tarski/Chua/1/VC2/U/Chua-1-VC2-U-chunk-0023.smt2,0.04,0.02
./QF_LRA/meti-tarski/sin/problem/7/sin-problem-7-chunk-0065.smt2,0.04,0.04
./QF_LRA/meti-tarski/sqrt/1mcosq/7/sqrt-1mcosq-7-chunk-0012.smt2,0.02,0.02
./QF_LRA/meti-tarski/Chua/1/VC2/U/Chua-1-VC2-U-chunk-0128.smt2,0.03,0.02
./QF_LRA/2019-ezsmt/blending/17.smt2,2.06,2.20
./QF_LRA/meti-tarski/cbrt/3/cbrt-problem-3-chunk-0039.smt2,0.02,0.05
./QF_LRA/tta_startup/simple_startup_6nodes.bug.induct.smt2,0.05,2.13
./QF_LRA/DTP-Scheduling/constraints-cooking07.smt2,2.24,3.51
./QF_LRA/meti-tarski/sin/problem/8/weak/sin-problem-8-weak-chunk-0030.smt2,0.05,0.06
./QF_LRA/meti-tarski/sin/problem/7/weak/sin-problem-7-weak-chunk-0064.smt2,0.06,0.06
./QF_LRA/meti-tarski/cbrt/3/weak/cbrt-problem-3-weak-chunk-0046.smt2,0.02,0.03
./QF_LRA/meti-tarski/sin/problem/7/weak2/sin-problem-7-weak2-chunk-0028.smt2,0.05,0.06
./QF_LRA/meti-tarski/polypaver/bench-exp-3d/polypaver-bench-exp-3d-chunk-0017.smt2,0.04,0.04
./QF_LRA/tta_startup/simple_startup_10nodes.missing.induct.smt2,0.07,5.04
./QF_LRA/sc/sc-35.induction2.cvc.smt2,12.78,25.03
./QF_LRA/sc/sc-33.induction.cvc.smt2,3.66,12.16
./QF_LRA/meti-tarski/bottom-plate-mixer/bottom-plate-mixer-chunk-0035.smt2,0.04,0.06
./QF_LRA/meti-tarski/sqrt/problem/12vars3/sqrt-problem-12vars3-chunk-0018.smt2,0.04,0.03
./QF_LRA/meti-tarski/polypaver/bench-exp-3d/polypaver-bench-exp-3d-chunk-0036.smt2,0.06,0.08
./QF_LRA/meti-tarski/Chua/1/IL/U/Chua-1-IL-U-chunk-0056.smt2,0.04,0.03
./QF_LRA/LassoRanker/CooperatingT2/p-55.t2.c_Iteration2_Loop_4-pieceTemplate.smt2,0.15,109.00
./QF_LRA/DTP-Scheduling/constraints-tempo-depth-9.smt2,1.83,3.09
./QF_LRA/meti-tarski/sin/problem/8/sin-problem-8-chunk-0030.smt2,0.04,0.03
./QF_LRA/meti-tarski/sin/problem/7/weak/sin-problem-7-weak-chunk-0026.smt2,0.06,0.06
./QF_LRA/tta_startup/simple_startup_3nodes.bug.induct.smt2,0.03,0.67
./QF_LRA/meti-tarski/Chua/1/VC1/L/Chua-1-VC1-L-chunk-0128.smt2,0.03,0.02
./QF_LRA/LassoRanker/SV-COMP/joey_false-termination.c_Iteration1_Loop_7-phaseTemplate.smt2,32.99,129.40
./QF_LRA/meti-tarski/sin/problem/7/sin-problem-7-chunk-0011.smt2,0.03,0.04
./QF_LRA/meti-tarski/sin/problem/7/weak/sin-problem-7-weak-chunk-0052.smt2,0.06,0.06
./QF_LRA/uart/uart-8.induction.cvc.smt2,2.66,196.70
./QF_LRA/meti-tarski/sin/problem/7/weak/sin-problem-7-weak-chunk-0099.smt2,0.06,0.07
./QF_LRA/LassoRanker/Ultimate/yPositive-SIscaled50.bpl_Iteration1_Loop_7-phaseTemplate.smt2,0.06,32.47
./QF_LRA/sc/sc-22.induction3.cvc.smt2,6.26,29.24
./QF_LRA/2019-ezsmt/blending/14.smt2,3.13,3.31
./QF_LRA/LassoRanker/CooperatingT2/p-43.t2.c_Iteration4_Loop_4-pieceTemplate.smt2,0.25,107.87
./QF_LRA/DTP-Scheduling/constraints-tempo-depth-10.smt2,2.35,5.73
./QF_LRA/meti-tarski/sin/problem/7/weak2/sin-problem-7-weak2-chunk-0009.smt2,0.03,0.02
./QF_LRA/LassoRanker/CooperatingT2/sas2.t2.c_Iteration1_Lasso_5-phaseTemplate.smt2,53.75,102.15
./QF_LRA/meti-tarski/sin/problem/7/weak/sin-problem-7-weak-chunk-0047.smt2,0.06,0.06
./QF_LRA/LassoRanker/CooperatingT2/p-43.t2.c_Iteration5_Loop_7-phaseTemplate.smt2,45.67,86.98
./QF_LRA/meti-tarski/Chua/1/IL/L/Chua-1-IL-L-chunk-0057.smt2,0.04,0.02
./QF_LRA/sal/windowreal/windowreal-safe2-3.smt2,0.07,0.18
./QF_LRA/meti-tarski/sin/problem/7/weak/sin-problem-7-weak-chunk-0082.smt2,0.05,0.06
./QF_LRA/TM/p3-zenonumeric_s5.smt2,71.92,133.92
./QF_LRA/sc/sc-17.induction.cvc.smt2,1.56,5.91
./QF_LRA/meti-tarski/sin/344/3/sin-344-3-chunk-0012.smt2,0.04,0.04
./QF_LRA/meti-tarski/atan/problem/2/weak2/atan-problem-2-weak2-chunk-0060.smt2,0.03,0.02
./QF_LRA/sc/sc-26.induction2.cvc.smt2,8.25,19.02
./QF_LRA/2019-ezsmt/blending/3.smt2,2.56,3.08
./QF_LRA/uart/uart-26.induction.cvc.smt2,10.60,197.23
./QF_LRA/meti-tarski/sin/problem/7/weak2/sin-problem-7-weak2-chunk-0008.smt2,0.04,0.03
./QF_LRA/meti-tarski/polypaver/bench-exp-3d/polypaver-bench-exp-3d-chunk-0098.smt2,0.02,0.03
./QF_LRA/meti-tarski/Chua/1/VC1/U/Chua-1-VC1-U-chunk-0071.smt2,0.05,0.03
./QF_LRA/DTP-Scheduling/constraints-temporal-machine-shop-2-3-A05.smt2,1.45,4.57
./QF_LRA/DTP-Scheduling/constraints-tempo-depth-3.smt2,0.49,0.91
./QF_LRA/meti-tarski/Chua/1/VC1/L/Chua-1-VC1-L-chunk-0010.smt2,0.03,0.01
./QF_LRA/tta_startup/simple_startup_11nodes.bug.induct.smt2,0.08,6.20
./QF_LRA/DTP-Scheduling/constraints-tms-2-3-light-90.smt2,37.97,213.37
./QF_LRA/latendresse/ecoliFBAyicesTest-750.smt2,0.90,40.52
./QF_LRA/latendresse/ecoliFBAyicesTest-3875-4.smt2,0.86,37.47
./QF_LRA/uart/uart-7.induction.cvc.smt2,2.72,265.54
./QF_LRA/meti-tarski/atan/problem/2/weak2/atan-problem-2-weak2-chunk-0081.smt2,0.04,0.02
./QF_LRA/sc/sc-30.induction3.cvc.smt2,7.43,56.16
./QF_LRA/meti-tarski/polypaver/bench-exp-3d/polypaver-bench-exp-3d-chunk-0054.smt2,0.06,0.05
./QF_LRA/DTP-Scheduling/constraints-tempo-width-5.smt2,1.90,18.19
./QF_LRA/meti-tarski/sin/problem/7/sin-problem-7-chunk-0006.smt2,0.03,0.02
./QF_LRA/2017-Heizmann-UltimateInvariantSynthesis/_standard_two_index_06.i_3_2_2.bpl_11.smt2,0.04,7.82
./QF_LRA/2017-Heizmann-UltimateInvariantSynthesis/_standard_two_index_05.i_3_2_2.bpl_11.smt2,0.04,7.34
./QF_LRA/uart/uart-15.induction.cvc.smt2,12.70,43.38
./QF_LRA/meti-tarski/polypaver/bench-exp-3d/polypaver-bench-exp-3d-chunk-0095.smt2,0.09,0.08
./QF_LRA/LassoRanker/SV-COMP/LeeJonesBen-Amram-2001POPL-Ex1_true-termination.c_Iteration1_Lasso_7-phaseTemplate.smt2,0.03,6.05
./QF_LRA/DTP-Scheduling/constraints-tms-2-3-light-08.smt2,2.40,7.17
./QF_LRA/2017-Heizmann-UltimateInvariantSynthesis/_nested9.i_5_6_6.bpl_7.smt2,44.23,126.31
./QF_LRA/meti-tarski/sin/problem/7/weak/sin-problem-7-weak-chunk-0009.smt2,0.02,0.02
./QF_LRA/meti-tarski/sin/problem/7/weak/sin-problem-7-weak-chunk-0107.smt2,0.06,0.07
./QF_LRA/LassoRanker/CooperatingT2/elmhes.c.i.elmhes.pl.t2.fixed.t2.c_Iteration5_Loop_6-phaseTemplate.smt2,56.88,101.88
./QF_LRA/LassoRanker/Ultimate/SyntaxSupportDisjunction1.bpl_Iteration1_Loop_7-phaseTemplate.smt2,0.05,8.41
./QF_LRA/meti-tarski/bottom-plate-mixer/bottom-plate-mixer-chunk-0013.smt2,0.02,0.01
./QF_LRA/meti-tarski/Chua/2/VC2/L/Chua-2-VC2-L-chunk-0048.smt2,0.03,0.02
./QF_LRA/meti-tarski/Arthan/1A/Arthan1A-chunk-0016.smt2,0.03,0.04
./QF_LRA/meti-tarski/sqrt/1mcosq/7/sqrt-1mcosq-7-chunk-0080.smt2,0.04,0.04
./QF_LRA/sc/sc-39.induction2.cvc.smt2,15.72,32.30
./QF_LRA/tta_startup/simple_startup_5nodes.bug.induct.smt2,0.04,1.55
./QF_LRA/LassoRanker/CooperatingT2/fun4.t2.c_Iteration1_Lasso_4-pieceTemplate.smt2,26.53,195.36
./QF_LRA/meti-tarski/sqrt/1mcosq/7/sqrt-1mcosq-7-chunk-0066.smt2,0.04,0.04
./QF_LRA/DTP-Scheduling/constraints-temporal-machine-shop-2-3-A04.smt2,1.47,4.87
./QF_LRA/DTP-Scheduling/constraints-tempo-width-7.smt2,3.59,300
./QF_LRA/DTP-Scheduling/constraints-tempo-width-9.smt2,7.08,300
./QF_LRA/meti-tarski/Chua/1/VC2/L/Chua-1-VC2-L-chunk-0069.smt2,0.04,0.03
./QF_LRA/sc/sc-35.induction.cvc.smt2,4.96,13.34
./QF_LRA/miplib/opt1217--1.smt2,0.06,300
./QF_LRA/miplib/opt1217--11.smt2,0.08,300
./QF_LRA/meti-tarski/Chua/1/VC2/L/Chua-1-VC2-L-chunk-0006.smt2,0.04,0.02
./QF_LRA/sc/sc-32.induction2.cvc.smt2,11.89,24.43
./QF_LRA/tta_startup/simple_startup_9nodes.missing.induct.smt2,0.07,4.16
./QF_LRA/sc/sc-8.induction3.cvc.smt2,1.91,5.58
./QF_LRA/meti-tarski/sin/problem/7/weak2/sin-problem-7-weak2-chunk-0067.smt2,0.09,0.06
./QF_LRA/meti-tarski/Chua/1/VC2/L/Chua-1-VC2-L-chunk-0005.smt2,0.04,0.03
./QF_LRA/meti-tarski/sin/problem/7/sin-problem-7-chunk-0004.smt2,0.03,0.02
./QF_LRA/uart/uart-32.induction.cvc.smt2,16.21,300
./QF_LRA/meti-tarski/atan/problem/2/weak2/atan-problem-2-weak2-chunk-0033.smt2,0.03,0.02
./QF_LRA/meti-tarski/cbrt/3/weak/cbrt-problem-3-weak-chunk-0065.smt2,0.02,0.00
./QF_LRA/DTP-Scheduling/constraints-cooking14.smt2,5.87,18.28
./QF_LRA/meti-tarski/sin/problem/7/weak2/sin-problem-7-weak2-chunk-0071.smt2,0.06,0.06
./QF_LRA/sc/sc-5.induction2.cvc.smt2,1.12,3.18
./QF_LRA/LassoRanker/Ultimate/Gcd_havoc.bpl_Iteration1_Lasso_3-pieceTemplate.smt2,98.32,81.24
./QF_LRA/tta_startup/simple_startup_12nodes.missing.induct.smt2,19.48,300
./QF_LRA/meti-tarski/sin/problem/7/weak2/sin-problem-7-weak2-chunk-0042.smt2,0.07,0.06
./QF_LRA/meti-tarski/bottom-plate-mixer/bottom-plate-mixer-chunk-0012.smt2,0.05,0.07
./QF_LRA/meti-tarski/asin/8/vars4/asin-8-vars4-chunk-0023.smt2,0.04,0.03
./QF_LRA/DTP-Scheduling/constraints-tempo-matrix6x6.pddl.smt2,27.35,300
./QF_LRA/TM/p6-driverlogNumeric_s5.smt2,0.06,6.62
./QF_LRA/uart/uart-39.induction.cvc.smt2,25.04,300
./QF_LRA/tta_startup/simple_startup_14nodes.missing.induct.smt2,22.77,300
./QF_LRA/meti-tarski/atan/problem/2/weak2/atan-problem-2-weak2-chunk-0116.smt2,0.03,0.02
./QF_LRA/meti-tarski/Chua/2/VC2/L/Chua-2-VC2-L-chunk-0031.smt2,0.03,0.02
./QF_LRA/tta_startup/simple_startup_12nodes.bug.induct.smt2,25.98,300
./QF_LRA/LassoRanker/CooperatingT2/ludcmp.t2.c_Iteration7_Loop_6-phaseTemplate.smt2,16.76,24.70
./QF_LRA/meti-tarski/polypaver/bench-exp-3d/polypaver-bench-exp-3d-chunk-0103.smt2,0.07,0.05
./QF_LRA/sc/sc-19.induction.cvc.smt2,1.55,6.78
./QF_LRA/DTP-Scheduling/constraints-tempo-width-20.smt2,34.31,300
./QF_LRA/2019-ezsmt/blending/12.smt2,2.40,2.47
./QF_LRA/sc/sc-34.induction2.cvc.smt2,13.11,24.01
./QF_LRA/uart/uart-13.induction.cvc.smt2,6.16,38.55
./QF_LRA/meti-tarski/Chua/1/IL/L/Chua-1-IL-L-chunk-0012.smt2,0.03,0.02
./QF_LRA/meti-tarski/sin/problem/7/weak2/sin-problem-7-weak2-chunk-0034.smt2,0.04,0.06
./QF_LRA/miplib/opt1217--6.smt2,0.08,300
./QF_LRA/sc/sc-13.induction2.cvc.smt2,3.96,7.90
./QF_LRA/meti-tarski/sin/problem/7/weak2/sin-problem-7-weak2-chunk-0030.smt2,0.05,0.06
./QF_LRA/sc/sc-36.induction.cvc.smt2,3.98,12.83
./QF_LRA/uart/uart-35.induction.cvc.smt2,37.58,300
./QF_LRA/DTP-Scheduling/constraints-tms-2-3-light-03.smt2,0.38,0.71
./QF_LRA/tta_startup/simple_startup_11nodes.missing.induct.smt2,0.08,5.81
./QF_LRA/tta_startup/simple_startup_8nodes.missing.induct.smt2,0.06,3.49
./QF_LRA/meti-tarski/sqrt/1mcosq/8/sqrt-1mcosq-8-chunk-0716.smt2,0.09,0.06
./QF_LRA/TM/p7-driverlogNumeric_s8.smt2,0.17,300
./QF_LRA/LassoRanker/SV-COMP/min_rf_true-termination.c_Iteration1_Loop_3-pieceTemplate.smt2,0.19,145.24
./QF_LRA/meti-tarski/sin/344/3/sin-344-3-weak-chunk-0012.smt2,0.04,0.04
./QF_LRA/2019-ezsmt/blending/29.smt2,2.49,2.79
./QF_LRA/sal/tgc/tgc_io-nosafe-7.smt2,0.29,1.35
./QF_LRA/DTP-Scheduling/constraints-tms-2-3-light-07.smt2,1.98,4.79
./QF_LRA/TM/p7-driverlogNumeric_s7.smt2,0.18,300
./QF_LRA/LassoRanker/CooperatingT2/sas2.t2.c_Iteration6_Lasso_6-phaseTemplate.smt2,94.28,124.63
./QF_LRA/meti-tarski/Chua/2/IL/L/Chua-2-IL-L-chunk-0064.smt2,0.11,0.09
./QF_LRA/miplib/opt1217--57.smt2,0.07,300
./QF_LRA/LassoRanker/CooperatingT2/eric.t2.c_Iteration1_Lasso_2-pieceTemplate.smt2,0.08,53.11
./QF_LRA/meti-tarski/Chua/1/VC1/L/Chua-1-VC1-L-chunk-0142.smt2,0.05,0.03
./QF_LRA/sc/sc-29.induction2.cvc.smt2,10.47,21.90
./QF_LRA/meti-tarski/sin/cos/sin-cos-346-b-chunk-0008.smt2,0.04,0.06
./QF_LRA/meti-tarski/sin/problem/7/weak/sin-problem-7-weak-chunk-0092.smt2,0.06,0.07
./QF_LRA/miplib/pk1-100.smt2,0.05,300
./QF_LRA/meti-tarski/sin/problem/7/weak/sin-problem-7-weak-chunk-0046.smt2,0.06,0.06
./QF_LRA/DTP-Scheduling/constraints-tms-2-3-light-04.smt2,0.97,2.74
./QF_LRA/latendresse/ecoliFBAyicesTest-1875-2.smt2,0.89,30.80
./QF_LRA/tta_startup/simple_startup_4nodes.missing.induct.smt2,0.04,1.10
./QF_LRA/DTP-Scheduling/constraints-cooking23.smt2,8.45,28.39
./QF_LRA/meti-tarski/CMOS/CMOS-opamp-chunk-0005.smt2,0.04,0.02
./QF_LRA/LassoRanker/Ultimate/GulwaniResetBranchOnly.bpl_Iteration1_Lasso_7-phaseTemplate.smt2,10.37,32.79
./QF_LRA/meti-tarski/CMOS/CMOS-opamp-chunk-0008.smt2,0.04,0.03
./QF_LRA/meti-tarski/atan/problem/2/weak2/atan-problem-2-weak2-chunk-0121.smt2,0.04,0.02
./QF_LRA/meti-tarski/sin/problem/7/weak/sin-problem-7-weak-chunk-0043.smt2,0.09,0.06
./QF_LRA/DTP-Scheduling/constraints-tempo-matrix8x8.pddl.smt2,59.97,300
./QF_LRA/meti-tarski/sqrt/1mcosq/7/sqrt-1mcosq-7-chunk-0006.smt2,0.04,0.02
./QF_LRA/sc/sc-36.induction3.cvc.smt2,7.79,77.08
./QF_LRA/meti-tarski/Chua/1/VC2/U/Chua-1-VC2-U-chunk-0108.smt2,0.03,0.02
./QF_LRA/sc/sc-7.induction.cvc.smt2,0.36,1.54
./QF_LRA/meti-tarski/polypaver/bench-exp-3d/polypaver-bench-exp-3d-chunk-0022.smt2,0.07,0.03
./QF_LRA/meti-tarski/Chua/1/IL/L/Chua-1-IL-L-chunk-0108.smt2,0.04,0.02
./QF_LRA/meti-tarski/sqrt/1mcosq/7/sqrt-1mcosq-7-chunk-0058.smt2,0.04,0.04
./QF_LRA/LassoRanker/CooperatingT2/matrixsqrt.t2.c_Iteration12_Loop_7-phaseTemplate.smt2,16.54,28.46
./QF_LRA/2019-ezsmt/blending/2.smt2,2.83,2.88
./QF_LRA/meti-tarski/sin/problem/7/weak2/sin-problem-7-weak2-chunk-0016.smt2,0.04,0.04
./QF_LRA/latendresse/ecoliFBAyicesTest-63875-64.smt2,0.89,36.20
./QF_LRA/2019-ezsmt/blending/18.smt2,2.03,2.78
./QF_LRA/meti-tarski/Chua/1/VC1/L/Chua-1-VC1-L-chunk-0042.smt2,0.03,0.02
./QF_LRA/meti-tarski/bottom-plate-mixer/bottom-plate-mixer-chunk-0022.smt2,0.19,0.11
./QF_LRA/meti-tarski/sin/problem/7/weak2/sin-problem-7-weak2-chunk-0035.smt2,0.06,0.06
./QF_LRA/meti-tarski/Chua/1/VC1/L/Chua-1-VC1-L-chunk-0028.smt2,0.03,0.02
./QF_LRA/LassoRanker/CooperatingT2/elmhes.t2.c_Iteration2_Loop_7-phaseTemplate.smt2,0.06,36.71
./QF_LRA/meti-tarski/cbrt/3/weak/cbrt-problem-3-weak-chunk-0097.smt2,0.02,0.02
./QF_LRA/meti-tarski/polypaver/bench-exp-3d/polypaver-bench-exp-3d-chunk-0096.smt2,0.06,0.06
./QF_LRA/tta_startup/simple_startup_15nodes.missing.induct.smt2,31.56,300
./QF_LRA/meti-tarski/polypaver/bench-exp-3d/polypaver-bench-exp-3d-chunk-0026.smt2,0.05,0.05
./QF_LRA/meti-tarski/Chua/1/VC2/L/Chua-1-VC2-L-chunk-0010.smt2,0.04,0.03
./QF_LRA/DTP-Scheduling/constraints-tempo-matrix7x7.pddl.smt2,44.33,300
./QF_LRA/meti-tarski/atan/problem/2/weak2/atan-problem-2-weak2-chunk-0031.smt2,0.03,0.02
./QF_LRA/uart/uart-33.induction.cvc.smt2,149.47,236.78
./QF_LRA/TM/p-0-bucket_s10.smt2,229.05,165.32
./QF_LRA/DTP-Scheduling/constraints-tms-2-3-light-80.smt2,30.19,129.10
./QF_LRA/meti-tarski/sin/problem/7/weak2/sin-problem-7-weak2-chunk-0010.smt2,0.04,0.03
./QF_LRA/tta_startup/simple_startup_15nodes.bug.induct.smt2,35.20,300
./QF_LRA/meti-tarski/sqrt/1mcosq/7/sqrt-1mcosq-7-chunk-0122.smt2,0.06,0.04
./QF_LRA/meti-tarski/atan/problem/2/weak2/atan-problem-2-weak2-chunk-0035.smt2,0.03,0.02
./QF_LRA/uart/uart-21.induction.cvc.smt2,38.94,148.44
./QF_LRA/sc/sc-16.induction2.cvc.smt2,5.58,8.98
./QF_LRA/sc/sc-9.induction2.cvc.smt2,1.90,5.75
./QF_LRA/LassoRanker/Ultimate/CooperatingT2_consts1.bpl_Iteration1_Lasso_7-phaseTemplate.smt2,0.04,3.71
./QF_LRA/DTP-Scheduling/constraints-cooking10.smt2,3.39,9.40
./QF_LRA/sc/sc-7.induction3.cvc.smt2,1.56,4.25
./QF_LRA/LassoRanker/Ultimate/SyntaxSupportBooleans5.bpl_Iteration1_Loop_4-pieceTemplate.smt2,47.24,300
./QF_LRA/DTP-Scheduling/constraints-tms-2-3-light-60.smt2,24.08,91.56
./QF_LRA/sc/sc-33.induction3.cvc.smt2,6.82,68.14
./QF_LRA/sc/sc-17.induction2.cvc.smt2,7.14,12.75
./QF_LRA/meti-tarski/sin/problem/7/weak/sin-problem-7-weak-chunk-0029.smt2,0.05,0.03
./QF_LRA/latendresse/ecoliMILPglycerolYices3-50000.smt2,32.02,68.17
./QF_LRA/LassoRanker/CooperatingT2/firewire.t2.c_Iteration1_Lasso_3-phaseTemplate.smt2,135.85,186.73
./QF_LRA/meti-tarski/Chua/1/IL/U/Chua-1-IL-U-chunk-0069.smt2,0.04,0.03
./QF_LRA/LassoRanker/Ultimate/OpposedDisjuncts.bpl_Iteration1_Lasso_7-phaseTemplate.smt2,0.12,66.25
./QF_LRA/LassoRanker/Ultimate/yPositive-SIscaled50.bpl_Iteration1_Loop_6-phaseTemplate.smt2,0.05,27.42
./QF_LRA/uart/uart-14.induction.cvc.smt2,9.11,65.02
./QF_LRA/LassoRanker/Ultimate/NoriSharma-2013FSE-Fig7.bpl_Iteration1_Loop_7-phaseTemplate.smt2,0.04,7.68
./QF_LRA/LassoRanker/CooperatingT2/eric.t2.c_Iteration1_Lasso_3-pieceTemplate.smt2,0.13,93.05
./QF_LRA/meti-tarski/polypaver/bench-exp-3d/polypaver-bench-exp-3d-chunk-0051.smt2,0.05,0.05
./QF_LRA/meti-tarski/Chua/1/VC1/L/Chua-1-VC1-L-chunk-0023.smt2,0.11,0.03
./QF_LRA/LassoRanker/Ultimate/yPositive-SIscaled100.bpl_Iteration1_Loop_5-phaseTemplate.smt2,0.08,54.66
./QF_LRA/LassoRanker/CooperatingT2/fir.t2.c_Iteration4_Loop_6-phaseTemplate.smt2,0.10,66.45
./QF_LRA/DTP-Scheduling/constraints-tempo-depth-6.smt2,0.88,1.80
./QF_LRA/meti-tarski/polypaver/bench-exp-3d/polypaver-bench-exp-3d-chunk-0056.smt2,0.05,0.05
./QF_LRA/meti-tarski/polypaver/bench-exp-3d/polypaver-bench-exp-3d-chunk-0020.smt2,0.04,0.03
./QF_LRA/latendresse/ecoliMILPglycerolYices3-90000.smt2,32.87,79.32
./QF_LRA/LassoRanker/CooperatingT2/ludcmp.c.i.ludcmp.pl.t2.fixed.t2.c_Iteration9_Loop_5-phaseTemplate.smt2,22.12,95.08
./QF_LRA/sc/sc-19.induction3.cvc.smt2,5.37,19.92
./QF_LRA/DTP-Scheduling/constraints-temporal-machine-shop-2-3-A06.smt2,1.79,9.55
./QF_LRA/miplib/opt1217--17.smt2,0.09,300
./QF_LRA/uart/uart-25.induction.cvc.smt2,25.47,192.98
./QF_LRA/LassoRanker/CooperatingT2/p-43.t2.c_Iteration4_Loop_7-phaseTemplate.smt2,0.09,45.26
./QF_LRA/2017-Heizmann-UltimateInvariantSynthesis/_simple1.i_3_6_2.bpl_11.smt2,8.97,8.12
./QF_LRA/2017-Heizmann-UltimateInvariantSynthesis/_const1.i_3_6_2.bpl_11.smt2,18.89,42.66
./QF_LRA/meti-tarski/atan/problem/2/weak2/atan-problem-2-weak2-chunk-0127.smt2,0.03,0.02
./QF_LRA/meti-tarski/sqrt/1mcosq/7/sqrt-1mcosq-7-chunk-0107.smt2,0.05,0.06
./QF_LRA/LassoRanker/CooperatingT2/bsort100.t2.c_Iteration13_Loop_4-pieceTemplate.smt2,69.68,248.46
./QF_LRA/uart/uart-27.induction.cvc.smt2,105.21,204.12
./QF_LRA/meti-tarski/sin/problem/7/sin-problem-7-chunk-0008.smt2,0.04,0.04
./QF_LRA/DTP-Scheduling/constraints-tms-2-3-light-70.smt2,21.25,126.43
./QF_LRA/tta_startup/simple_startup_7nodes.missing.induct.smt2,0.06,2.10
./QF_LRA/DTP-Scheduling/constraints-tempo-width-3.smt2,0.72,2.62
./QF_LRA/2017-Heizmann-UltimateInvariantSynthesis/_array_single_elem_init.i_4_2_2.bpl_7.smt2,17.12,32.66
./QF_LRA/DTP-Scheduling/constraints-cooking06.smt2,2.17,3.35
./QF_LRA/LassoRanker/SV-COMP/BradleyMannaSipma-2005CAV-Fig1_true-termination.c_Iteration1_Lasso_5-phaseTemplate.smt2,0.13,67.48
./QF_LRA/LassoRanker/CooperatingT2/p-55.t2.c_Iteration2_Loop_7-phaseTemplate.smt2,0.09,51.75
./QF_LRA/2019-ezsmt/blending/26.smt2,2.36,2.40
./QF_LRA/LassoRanker/Ultimate/yPositive-SIscaled75.bpl_Iteration1_Loop_6-phaseTemplate.smt2,0.06,34.57
./QF_LRA/meti-tarski/sqrt/1mcosq/7/sqrt-1mcosq-7-chunk-0009.smt2,0.02,0.02
./QF_LRA/DTP-Scheduling/constraints-tempo-matrix4x4.pddl.smt2,8.59,300
./QF_LRA/meti-tarski/cbrt/3/weak/cbrt-problem-3-weak-chunk-0100.smt2,0.02,0.03
./QF_LRA/meti-tarski/sqrt/1mcosq/7/sqrt-1mcosq-7-chunk-0069.smt2,0.06,0.06
./QF_LRA/LassoRanker/CooperatingT2/p-43.t2.c_Iteration2_Loop_7-phaseTemplate.smt2,38.77,84.69
./QF_LRA/sc/sc-10.induction3.cvc.smt2,2.23,8.53
./QF_LRA/miplib/danoint-166.smt2,0.05,0.09
./QF_LRA/meti-tarski/sqrt/1mcosq/7/sqrt-1mcosq-7-chunk-0008.smt2,0.04,0.03
./QF_LRA/sc/sc-39.induction.cvc.smt2,4.54,17.54
./QF_LRA/miplib/pk1-0.smt2,0.04,300
./QF_LRA/TM/p-driverlogNumeric_s7.smt2,0.04,13.52
./QF_LRA/meti-tarski/cbrt/3/cbrt-problem-3-chunk-0035.smt2,0.04,0.04
./QF_LRA/meti-tarski/sqrt/1mcosq/7/sqrt-1mcosq-7-chunk-0011.smt2,0.03,0.03
./QF_LRA/LassoRanker/CooperatingT2/magic.t2.c_Iteration23_Loop_7-phaseTemplate.smt2,2.04,42.25
./QF_LRA/LassoRanker/CooperatingT2/ludcmp.c.i.ludcmp.pl.t2.fixed.t2.c_Iteration10_Loop_6-phaseTemplate.smt2,30.06,88.08
./QF_LRA/LassoRanker/CooperatingT2/broydn.c.i.broydn.pl.t2.fixed.t2.c_Iteration8_Loop_7-phaseTemplate.smt2,13.87,34.04
./QF_LRA/2019-ezsmt/blending/24.smt2,2.56,2.68
./QF_LRA/LassoRanker/CooperatingT2/byron-2.t2.c_Iteration2_Loop_4-pieceTemplate.smt2,0.26,99.47
./QF_LRA/meti-tarski/atan/problem/2/weak2/atan-problem-2-weak2-chunk-0052.smt2,0.03,0.02
./QF_LRA/meti-tarski/sin/problem/8/weak/sin-problem-8-weak-chunk-0017.smt2,0.05,0.06
./QF_LRA/sc/sc-23.induction.cvc.smt2,1.86,7.90
./QF_LRA/meti-tarski/polypaver/bench-exp-3d/polypaver-bench-exp-3d-chunk-0034.smt2,0.04,0.05
./QF_LRA/DTP-Scheduling/constraints-temporal-machine-shop-2-3-A07.smt2,2.42,9.21
./QF_LRA/TM/p2-zenonumeric_s6.smt2,7.72,15.36
./QF_LRA/meti-tarski/sqrt/1mcosq/8/sqrt-1mcosq-8-chunk-0010.smt2,0.06,0.06
./QF_LRA/latendresse/ecoliMILPglycerolYices3-80000.smt2,29.77,80.45
./QF_LRA/meti-tarski/Chua/2/VC1/L/Chua-2-VC1-L-chunk-0087.smt2,0.04,0.02
./QF_LRA/meti-tarski/Chua/1/VC2/L/Chua-1-VC2-L-chunk-0013.smt2,0.04,0.02
./QF_LRA/sc/sc-24.induction.cvc.smt2,2.39,9.05
./QF_LRA/meti-tarski/Chua/1/IL/L/Chua-1-IL-L-chunk-0006.smt2,0.04,0.03
./QF_LRA/meti-tarski/sin/problem/7/sin-problem-7-chunk-0071.smt2,0.04,0.04
./QF_LRA/meti-tarski/cbrt/3/weak/cbrt-problem-3-weak-chunk-0082.smt2,0.03,0.04
./QF_LRA/meti-tarski/cbrt/3/cbrt-problem-3-chunk-0057.smt2,0.05,0.04
./QF_LRA/LassoRanker/CooperatingT2/sort.t2.c_Iteration5_Loop_7-phaseTemplate.smt2,19.33,57.76
./QF_LRA/uart/uart-31.induction.cvc.smt2,18.46,230.59
./QF_LRA/meti-tarski/polypaver/bench-exp-3d/polypaver-bench-exp-3d-chunk-0060.smt2,0.08,0.04
./QF_LRA/meti-tarski/polypaver/bench-exp-3d/polypaver-bench-exp-3d-chunk-0114.smt2,0.05,0.05
./QF_LRA/meti-tarski/Chua/1/IL/L/Chua-1-IL-L-chunk-0023.smt2,0.04,0.03
./QF_LRA/2017-Heizmann-UltimateInvariantSynthesis/_gj2007.c.i_4_3_3.bpl_11.smt2,0.04,17.55
./QF_LRA/meti-tarski/sqrt/1mcosq/7/sqrt-1mcosq-7-chunk-0106.smt2,0.05,0.04
./QF_LRA/meti-tarski/sin/problem/7/weak/sin-problem-7-weak-chunk-0034.smt2,0.05,0.06
./QF_LRA/sc/sc-11.induction.cvc.smt2,1.00,3.58
./QF_LRA/2019-ezsmt/blending/20.smt2,1.87,2.94
./QF_LRA/2017-Heizmann-UltimateInvariantSynthesis/_hhk2008.c.i_3_3_2.bpl_8.smt2,21.75,25.69
./QF_LRA/LassoRanker/Ultimate/Damaskus.bpl_Iteration1_Lasso_7-phaseTemplate.smt2,0.04,8.90
./QF_LRA/sc/sc-27.induction3.cvc.smt2,9.17,43.91
./QF_LRA/meti-tarski/sin/problem/7/weak2/sin-problem-7-weak2-chunk-0020.smt2,0.04,0.04
./QF_LRA/tta_startup/simple_startup_3nodes.missing.induct.smt2,0.03,0.61
./QF_LRA/DTP-Scheduling/constraints-tempo-depth-150.smt2,33.56,86.47
./QF_LRA/LassoRanker/Ultimate/GcdNew.bpl_Iteration1_Lasso_5-phaseTemplate.smt2,254.41,234.71
./QF_LRA/meti-tarski/cbrt/3/cbrt-problem-3-chunk-0045.smt2,0.05,0.04
./QF_LRA/DTP-Scheduling/constraints-temporal-machine-shop-2-3-A70.smt2,23.78,300
./QF_LRA/meti-tarski/sin/problem/7/weak2/sin-problem-7-weak2-chunk-0005.smt2,0.03,0.02
./QF_LRA/miplib/danoint-65.smt2,0.05,0.06
./QF_LRA/meti-tarski/sin/problem/7/weak/sin-problem-7-weak-chunk-0037.smt2,0.06,0.06
./QF_LRA/DTP-Scheduling/constraints-temporal-machine-shop-2-3-A80.smt2,27.55,300
./QF_LRA/uart/uart-29.induction.cvc.smt2,38.35,241.28
./QF_LRA/DTP-Scheduling/constraints-tempo-width-40.smt2,140.69,300
./QF_LRA/sc/sc-37.induction3.cvc.smt2,9.20,95.58
./QF_LRA/meti-tarski/Chua/1/VC2/L/Chua-1-VC2-L-chunk-0012.smt2,0.03,0.02
./QF_LRA/meti-tarski/sqrt/1mcosq/7/sqrt-1mcosq-7-chunk-0100.smt2,0.04,0.05
./QF_LRA/DTP-Scheduling/constraints-tempo-depth-20.smt2,3.65,10.50
./QF_LRA/2019-ezsmt/blending/19.smt2,2.44,2.09
./QF_LRA/meti-tarski/atan/problem/2/weak2/atan-problem-2-weak2-chunk-0084.smt2,0.04,0.02
./QF_LRA/meti-tarski/sin/problem/7/weak/sin-problem-7-weak-chunk-0070.smt2,0.06,0.06
./QF_LRA/meti-tarski/Chua/1/VC1/U/Chua-1-VC1-U-chunk-0037.smt2,0.03,0.02
./QF_LRA/LassoRanker/CooperatingT2/p-55.t2.c_Iteration3_Loop_4-pieceTemplate.smt2,0.19,120.89
./QF_LRA/meti-tarski/sqrt/1mcosq/7/sqrt-1mcosq-7-chunk-0059.smt2,0.04,0.03
./QF_LRA/sc/sc-13.induction3.cvc.smt2,2.70,12.17
./QF_LRA/meti-tarski/sin/problem/7/sin-problem-7-chunk-0037.smt2,0.04,0.03
./QF_LRA/sc/sc-33.induction2.cvc.smt2,10.19,23.39
./QF_LRA/meti-tarski/cbrt/3/weak/cbrt-problem-3-weak-chunk-0051.smt2,0.02,0.04
./QF_LRA/sal/carpark/Carpark2-t1-4.smt2,0.09,0.75
./QF_LRA/miplib/pp08a-12000.smt2,300.04,300
./QF_LRA/meti-tarski/sin/problem/7/weak/sin-problem-7-weak-chunk-0007.smt2,0.02,0.01
./QF_LRA/meti-tarski/sin/problem/7/weak2/sin-problem-7-weak2-chunk-0022.smt2,0.04,0.04
./QF_LRA/meti-tarski/sqrt/1mcosq/7/sqrt-1mcosq-7-chunk-0004.smt2,0.04,0.02
./QF_LRA/miplib/vpm2-20.smt2,300.07,300
./QF_LRA/sc/sc-38.induction.cvc.smt2,4.30,15.48
./QF_LRA/LassoRanker/Ultimate/bound-scaled200.bpl_Iteration1_Loop_7-phaseTemplate.smt2,0.09,110.80
./QF_LRA/sc/sc-26.induction.cvc.smt2,3.99,10.83
./QF_LRA/LassoRanker/CooperatingT2/sas2.t2.c_Iteration6_Lasso_5-phaseTemplate.smt2,88.47,141.11
./QF_LRA/uart/uart-11.induction.cvc.smt2,6.09,26.38
./QF_LRA/LassoRanker/CooperatingT2/p-43.t2.c_Iteration5_Loop_4-pieceTemplate.smt2,300.20,196.56
./QF_LRA/uart/uart-18.induction.cvc.smt2,11.65,111.48
./QF_LRA/LassoRanker/Ultimate/Gcd.bpl_Iteration1_Lasso_4-pieceTemplate.smt2,300.13,226.87
./QF_LRA/latendresse/shewanella-compact2b.smt2,0.06,0.08
./QF_LRA/meti-tarski/Chua/1/VC1/L/Chua-1-VC1-L-chunk-0109.smt2,0.03,0.02
./QF_LRA/DTP-Scheduling/constraints-cooking17.smt2,6.94,18.94
./QF_LRA/latendresse/ecoliFBAyicesTest-500.smt2,0.90,36.54
./QF_LRA/meti-tarski/Chua/1/VC1/L/Chua-1-VC1-L-chunk-0008.smt2,0.03,0.01
./QF_LRA/miplib/fixnet-5000.smt2,300.04,300
./QF_LRA/meti-tarski/Chua/2/VC1/L/Chua-2-VC1-L-chunk-0046.smt2,0.03,0.02
./QF_LRA/meti-tarski/sin/problem/7/weak2/sin-problem-7-weak2-chunk-0090.smt2,0.05,0.06
./QF_LRA/meti-tarski/polypaver/bench-exp-3d/polypaver-bench-exp-3d-chunk-0021.smt2,0.04,0.04
./QF_LRA/DTP-Scheduling/constraints-tempo-width-60.smt2,300.39,300
./QF_LRA/meti-tarski/sqrt/1mcosq/7/sqrt-1mcosq-7-chunk-0098.smt2,0.04,0.05
./QF_LRA/meti-tarski/cbrt/3/cbrt-problem-3-chunk-0073.smt2,0.05,0.05
./QF_LRA/DTP-Scheduling/constraints-tempo-depth-8.smt2,1.42,2.15
./QF_LRA/tropical-matrix/constraint-269735.smt2,300.04,300
./QF_LRA/DTP-Scheduling/constraints-tempo-matrix3x3.pddl.smt2,3.93,89.38
./QF_LRA/meti-tarski/cbrt/3/cbrt-problem-3-chunk-0043.smt2,0.02,0.04
./QF_LRA/DTP-Scheduling/constraints-tempo-width-6.smt2,2.86,88.79
./QF_LRA/sc/sc-8.induction.cvc.smt2,0.56,2.11
./QF_LRA/TM/p-3-bucket_s10.smt2,300.07,300
./QF_LRA/TM/p5-zenonumeric_s7.smt2,300.05,300
./QF_LRA/sc/sc-37.induction2.cvc.smt2,13.44,30.41
./QF_LRA/meti-tarski/Chua/1/VC1/U/Chua-1-VC1-U-chunk-0045.smt2,0.03,0.02
./QF_LRA/meti-tarski/sin/problem/7/weak/sin-problem-7-weak-chunk-0020.smt2,0.04,0.03
./QF_LRA/meti-tarski/sin/problem/7/sin-problem-7-chunk-0036.smt2,0.04,0.04
./QF_LRA/meti-tarski/Chua/1/VC1/L/Chua-1-VC1-L-chunk-0011.smt2,0.03,0.01
./QF_LRA/2017-Heizmann-UltimateInvariantSynthesis/_fragtest_simple.i_4_5_4.bpl_7.smt2,61.67,74.38
./QF_LRA/meti-tarski/sqrt/1mcosq/7/sqrt-1mcosq-7-chunk-0105.smt2,0.06,0.06
./QF_LRA/2019-ezsmt/blending/21.smt2,2.45,2.66
./QF_LRA/check/bignum_lra1.smt2,0.02,0.05
./QF_LRA/2019-ezsmt/blending/7.smt2,2.65,2.80
./QF_LRA/LassoRanker/Ultimate/Damaskus.bpl_Iteration1_Lasso_6-phaseTemplate.smt2,0.03,5.96
./QF_LRA/LassoRanker/Ultimate/yPositive-SIscaled75.bpl_Iteration1_Loop_4-phaseTemplate.smt2,0.05,21.82
./QF_LRA/meti-tarski/polypaver/bench-exp-3d/polypaver-bench-exp-3d-chunk-0037.smt2,0.05,0.08
./QF_LRA/miplib/opt1217--27.smt2,0.09,300
./QF_LRA/meti-tarski/polypaver/bench-exp-3d/polypaver-bench-exp-3d-chunk-0042.smt2,0.05,0.04
./QF_LRA/LassoRanker/CooperatingT2/ludcmp.c.i.ludcmp.pl.t2.fixed.t2.c_Iteration8_Loop_6-phaseTemplate.smt2,13.91,24.47
./QF_LRA/tta_startup/simple_startup_5nodes.missing.induct.smt2,0.04,1.82
./QF_LRA/sc/sc-40.induction2.cvc.smt2,10.75,27.68
./QF_LRA/DTP-Scheduling/constraints-tempo-depth-5.smt2,1.16,1.59
./QF_LRA/DTP-Scheduling/constraints-tempo-depth-2.smt2,0.37,0.45
./QF_LRA/DTP-Scheduling/constraints-cooking13.smt2,4.47,15.80
./QF_LRA/LassoRanker/CooperatingT2/ludcmp.c.i.ludcmp.pl.t2.fixed.t2.c_Iteration8_Loop_7-phaseTemplate.smt2,14.49,27.90
./QF_LRA/meti-tarski/Chua/1/VC2/U/Chua-1-VC2-U-chunk-0142.smt2,0.04,0.02
./QF_LRA/sc/sc-14.induction2.cvc.smt2,4.16,7.18
./QF_LRA/TM/p6-zenonumeric_s5.smt2,49.78,72.37
./QF_LRA/tta_startup/simple_startup_14nodes.bug.induct.smt2,34.10,300
./QF_LRA/uart/uart-30.induction.cvc.smt2,22.41,300
./QF_LRA/meti-tarski/bottom-plate-mixer/bottom-plate-mixer-chunk-0053.smt2,0.21,0.22
./QF_LRA/LassoRanker/Ultimate/bound-scaled200.bpl_Iteration1_Loop_4-pieceTemplate.smt2,0.27,300
./QF_LRA/sal/windowreal/windowreal-safe2-4.smt2,0.09,0.30
./QF_LRA/meti-tarski/Chua/1/VC2/L/Chua-1-VC2-L-chunk-0011.smt2,0.04,0.03
./QF_LRA/tta_startup/simple_startup_7nodes.bug.induct.smt2,0.05,2.66
./QF_LRA/meti-tarski/polypaver/bench-exp-3d/polypaver-bench-exp-3d-chunk-0041.smt2,0.05,0.05
./QF_LRA/latendresse/ecoliFBAyicesTest-875.smt2,0.94,40.19
./QF_LRA/tropical-matrix/constraint-223827.smt2,91.99,300
./QF_LRA/meti-tarski/sin/problem/7/sin-problem-7-chunk-0019.smt2,0.05,0.04
./QF_LRA/sc/sc-8.induction2.cvc.smt2,1.77,6.02
./QF_LRA/meti-tarski/polypaver/bench-exp-3d/polypaver-bench-exp-3d-chunk-0045.smt2,0.08,0.04
./QF_LRA/LassoRanker/CooperatingT2/fir.t2.c_Iteration4_Loop_7-phaseTemplate.smt2,0.13,65.22
./QF_LRA/meti-tarski/sin/problem/7/sin-problem-7-chunk-0009.smt2,0.02,0.02
./QF_LRA/meti-tarski/sin/problem/8/weak/sin-problem-8-weak-chunk-0011.smt2,0.06,0.06
./QF_LRA/sc/sc-32.induction3.cvc.smt2,9.20,64.29
./QF_LRA/LassoRanker/CooperatingT2/bubbleSort.t2.c_Iteration3_Loop_4-pieceTemplate.smt2,0.11,46.13
./QF_LRA/2019-ezsmt/blending/28.smt2,2.46,3.12
./QF_LRA/meti-tarski/Chua/2/VC2/L/Chua-2-VC2-L-chunk-0026.smt2,0.04,0.03
./QF_LRA/sc/sc-20.induction.cvc.smt2,2.11,6.19
./QF_LRA/meti-tarski/sin/problem/7/weak2/sin-problem-7-weak2-chunk-0013.smt2,0.03,0.04
./QF_LRA/TM/p6-zenonumeric_s7.smt2,300.08,300
./QF_LRA/meti-tarski/cbrt/3/cbrt-problem-3-chunk-0036.smt2,0.05,0.04
./QF_LRA/LassoRanker/Ultimate/SyntaxSupportDivision1.bpl_Iteration1_Lasso_5-phaseTemplate.smt2,0.26,148.82
./QF_LRA/sc/sc-32.induction.cvc.smt2,3.99,13.00
./QF_LRA/meti-tarski/sin/problem/7/weak/sin-problem-7-weak-chunk-0050.smt2,0.06,0.06
./QF_LRA/meti-tarski/Chua/2/IL/L/Chua-2-IL-L-chunk-0066.smt2,0.12,0.07
./QF_LRA/meti-tarski/sqrt/1mcosq/8/sqrt-1mcosq-8-chunk-0033.smt2,0.09,0.04
./QF_LRA/sc/sc-11.induction2.cvc.smt2,2.80,7.89
./QF_LRA/LassoRanker/CooperatingT2/wrong_loop.t2.c_Iteration2_Loop_4-pieceTemplate.smt2,0.09,36.16
./QF_LRA/meti-tarski/sin/problem/7/weak/sin-problem-7-weak-chunk-0055.smt2,0.07,0.06
./QF_LRA/LassoRanker/CooperatingT2/fun4.t2.c_Iteration1_Lasso_3-pieceTemplate.smt2,17.56,123.60
./QF_LRA/sc/sc-31.induction2.cvc.smt2,11.05,19.54
./QF_LRA/meti-tarski/atan/problem/2/weak/atan-problem-2-weak-chunk-0200.smt2,0.03,0.02
./QF_LRA/uart/uart-36.induction.cvc.smt2,31.62,300
./QF_LRA/meti-tarski/bottom-plate-mixer/bottom-plate-mixer-chunk-0017.smt2,0.05,0.07
./QF_LRA/DTP-Scheduling/constraints-cooking21.smt2,10.65,19.84
./QF_LRA/LassoRanker/SV-COMP/LeeJonesBen-Amram-2001POPL-Ex5_true-termination.c_Iteration2_Lasso_3-pieceTemplate.smt2,300.17,300
./QF_LRA/meti-tarski/sin/problem/7/weak/sin-problem-7-weak-chunk-0094.smt2,0.06,0.06
./QF_LRA/tta_startup/simple_startup_6nodes.missing.induct.smt2,0.05,2.13
./QF_LRA/meti-tarski/polypaver/bench-exp-3d/polypaver-bench-exp-3d-chunk-0050.smt2,0.05,0.05
./QF_LRA/DTP-Scheduling/constraints-tempo-matrix5x5.pddl.smt2,19.35,300
./QF_LRA/meti-tarski/sin/problem/7/weak/sin-problem-7-weak-chunk-0049.smt2,0.06,0.07
./QF_LRA/LassoRanker/CooperatingT2/matrixsqrt.t2.c_Iteration12_Loop_4-pieceTemplate.smt2,38.37,56.19
./QF_LRA/meti-tarski/Chua/1/IL/L/Chua-1-IL-L-chunk-0028.smt2,0.04,0.03
./QF_LRA/LassoRanker/CooperatingT2/sas2.t2.c_Iteration1_Lasso_7-phaseTemplate.smt2,78.86,122.06
./QF_LRA/latendresse/ecoliFBAyicesTest-15875-16.smt2,0.86,38.90
./QF_LRA/meti-tarski/bottom-plate-mixer/bottom-plate-mixer-chunk-0010.smt2,0.05,0.05
./QF_LRA/sc/sc-18.induction3.cvc.smt2,4.80,19.78
./QF_LRA/LassoRanker/Ultimate/GcdNew.bpl_Iteration1_Lasso_7-phaseTemplate.smt2,300.22,300
./QF_LRA/miplib/pp08a-9000.smt2,300.05,300
./QF_LRA/LassoRanker/Ultimate/Gcd_havoc.bpl_Iteration1_Lasso_7-phaseTemplate.smt2,26.44,48.30
./QF_LRA/LassoRanker/Ultimate/MenloPark.bpl_Iteration1_Lasso_4-pieceTemplate.smt2,29.14,58.95
./QF_LRA/uart/uart-20.induction.cvc.smt2,17.63,112.90
./QF_LRA/sc/sc-23.induction2.cvc.smt2,7.62,15.09
./QF_LRA/LassoRanker/SV-COMP/LeeJonesBen-Amram-2001POPL-Ex5_true-termination.c_Iteration2_Lasso_6-phaseTemplate.smt2,199.87,178.61
./QF_LRA/uart/uart-28.induction.cvc.smt2,49.94,257.15
./QF_LRA/sc/sc-14.induction3.cvc.smt2,3.72,13.26
./QF_LRA/LassoRanker/SV-COMP/NoriSharma-2013FSE-Fig7_true-termination.c_Iteration1_Loop_7-phaseTemplate.smt2,0.04,9.78
./QF_LRA/TM/p-1-bucket_s9.smt2,115.71,300
./QF_LRA/LassoRanker/CooperatingT2/ludcmp.t2.c_Iteration8_Loop_6-phaseTemplate.smt2,25.40,99.77
./QF_LRA/LassoRanker/CooperatingT2/polyrank4.t2.c_Iteration10_Loop_7-phaseTemplate.smt2,5.40,11.20
./QF_LRA/DTP-Scheduling/constraints-tempo-width-30.smt2,73.45,300
./QF_LRA/sc/sc-29.induction3.cvc.smt2,9.46,54.43
./QF_LRA/LassoRanker/CooperatingT2/selectSort.t2.c_Iteration3_Loop_4-pieceTemplate.smt2,0.12,52.24
./QF_LRA/2017-Heizmann-UltimateInvariantSynthesis/_standard_running.i_4_2_2.bpl_7.smt2,10.84,26.11
./QF_LRA/miplib/danoint-66.smt2,0.05,0.10
./QF_LRA/uart/uart-16.induction.cvc.smt2,14.86,48.63
./QF_LRA/sc/sc-38.induction2.cvc.smt2,12.82,24.69
./QF_LRA/sc/sc-35.induction3.cvc.smt2,7.73,69.41
./QF_LRA/miplib/danoint-266.smt2,0.04,0.10
./QF_LRA/TM/p5-zenonumeric_s5.smt2,46.77,136.17
./QF_LRA/uart/uart-34.induction.cvc.smt2,114.34,272.64
./QF_LRA/LassoRanker/CooperatingT2/queens.t2.c_Iteration19_Loop_7-phaseTemplate.smt2,0.09,46.09
./QF_LRA/latendresse/ecoliMILPglycerolYices3-100000.smt2,31.47,76.49
./QF_LRA/LassoRanker/Ultimate/Braverman-2006CAV-Ex1-int.bpl_Iteration1_Lasso_7-phaseTemplate.smt2,3.98,5.23
./QF_LRA/sc/sc-26.induction3.cvc.smt2,7.21,39.39
./QF_LRA/LassoRanker/SV-COMP/BradleyMannaSipma-2005CAV-Fig1_true-termination.c_Iteration1_Lasso_6-phaseTemplate.smt2,0.15,81.27
./QF_LRA/LassoRanker/Ultimate/Gcd_havoc.bpl_Iteration1_Lasso_4-pieceTemplate.smt2,227.15,153.25
./QF_LRA/LassoRanker/Ultimate/yPositive-SIscaled75.bpl_Iteration1_Loop_7-phaseTemplate.smt2,0.07,32.57
./QF_LRA/2017-Heizmann-UltimateInvariantSynthesis/_functions1.i_3_5_2.bpl_11.smt2,13.01,21.98
./QF_LRA/LassoRanker/CooperatingT2/sumit.t2.c_Iteration1_Lasso_3-pieceTemplate.smt2,86.25,300
./QF_LRA/2017-Heizmann-UltimateInvariantSynthesis/_overflow1.i_3_8_2.bpl_11.smt2,10.92,19.50
./QF_LRA/LassoRanker/CooperatingT2/elmhes.c.i.elmhes.pl.t2.fixed.t2.c_Iteration4_Loop_7-phaseTemplate.smt2,18.18,93.32
./QF_LRA/sc/sc-31.induction3.cvc.smt2,7.85,56.01
./QF_LRA/DTP-Scheduling/constraints-tempo-width-10.smt2,8.91,300
./QF_LRA/2017-Heizmann-UltimateInvariantSynthesis/_array_ptr_single_elem_init.i_4_2_2.bpl_7.smt2,11.30,22.58
./QF_LRA/LassoRanker/CooperatingT2/byron-2.t2.c_Iteration2_Loop_7-phaseTemplate.smt2,0.10,51.38
./QF_LRA/uart/uart-19.induction.cvc.smt2,22.76,69.60
./QF_LRA/LassoRanker/CooperatingT2/loop3.t2.c_Iteration25_Lasso_4-pieceTemplate.smt2,32.38,91.32
./QF_LRA/LassoRanker/CooperatingT2/sas2.t2.c_Iteration1_Lasso_6-phaseTemplate.smt2,67.66,97.99
./QF_LRA/LassoRanker/SV-COMP/BradleyMannaSipma-2005CAV-Fig1_true-termination.c_Iteration1_Lasso_7-phaseTemplate.smt2,0.19,77.27
./QF_LRA/uart/uart-22.induction.cvc.smt2,12.16,153.77
./QF_LRA/miplib/fixnet-3000.smt2,300.04,300
./QF_LRA/TM/p2-driverlogNumeric_s10.smt2,0.10,222.99
./QF_LRA/uart/uart-6.induction.cvc.smt2,2.51,300
./QF_LRA/latendresse/ecoliMILPglycerolYices3-70000.smt2,28.42,63.12
./QF_LRA/uart/uart-24.induction.cvc.smt2,31.13,207.71
./QF_LRA/latendresse/ecoliMILPglycerolYices3-300000.smt2,27.90,75.47
./QF_LRA/miplib/pk1-50.smt2,0.04,300
./QF_LRA/latendresse/ecoliMILPglycerolYices3-60000.smt2,35.43,73.76
./QF_LRA/tropical-matrix/constraint-413064.smt2,300.08,124.07
./QF_LRA/LassoRanker/CooperatingT2/sas2.t2.c_Iteration3_Lasso_5-phaseTemplate.smt2,57.44,112.34
./QF_LRA/TM/p7-zenonumeric_s6.smt2,294.59,300
./QF_LRA/2017-Heizmann-UltimateInvariantSynthesis/_standard_init9_ground.i_3_2_2.bpl_7.smt2,87.71,94.00
./QF_LRA/miplib/pp08a-7349.smt2,300.06,300
./QF_LRA/DTP-Scheduling/constraints-tempo-width-70.smt2,300.32,300
./QF_LRA/LassoRanker/CooperatingT2/eric.t2.c_Iteration1_Lasso_4-pieceTemplate.smt2,0.23,146.59
./QF_LRA/latendresse/ecoliMILPglycerolYices3-5000.smt2,37.76,128.10
./QF_LRA/TM/p6-zenonumeric_s9.smt2,300.08,300
./QF_LRA/DTP-Scheduling/constraints-tempo-width-8.smt2,6.40,300
./QF_LRA/tropical-matrix/constraint-199552.smt2,25.50,300
./QF_LRA/LassoRanker/CooperatingT2/sumit.t2.c_Iteration1_Lasso_6-phaseTemplate.smt2,45.00,199.27
./QF_LRA/TM/p-0-bucket_s13.smt2,300.05,300
./QF_LRA/LassoRanker/CooperatingT2/sas2.t2.c_Iteration3_Lasso_6-phaseTemplate.smt2,80.07,148.80
./QF_LRA/miplib/fixnet-7000.smt2,300.04,300
./QF_LRA/LassoRanker/CooperatingT2/elmhes.c.i.elmhes.pl.t2.fixed.t2.c_Iteration4_Loop_4-pieceTemplate.smt2,111.92,190.75
./QF_LRA/TM/p5-driverlogNumeric_s8.smt2,0.17,300
./QF_LRA/tropical-matrix/constraint-343414.smt2,147.01,89.49
./QF_LRA/uart/uart-38.induction.cvc.smt2,36.03,300
./QF_LRA/miplib/opt1217--16.smt2,0.08,300
./QF_LRA/miplib/vpm2-30.smt2,300.10,300
./QF_LRA/LassoRanker/CooperatingT2/sumit.t2.c_Iteration1_Lasso_7-phaseTemplate.smt2,56.32,183.81
./QF_LRA/miplib/pk1-11.smt2,0.04,300
./QF_LRA/LassoRanker/CooperatingT2/sas2.t2.c_Iteration5_Lasso_4-lexTemplate.smt2,300.22,300
./QF_LRA/tropical-matrix/constraint-436218.smt2,112.54,300
./QF_LRA/uart/uart-37.induction.cvc.smt2,54.75,300
./QF_LRA/2017-Heizmann-UltimateInvariantSynthesis/_standard_strcmp_ground.i_4_2_2.bpl_11.smt2,300.20,139.54
./QF_LRA/TM/p-DepotsNum_s8.msat.smt2,129.30,300
./QF_LRA/miplib/opt1217--37.smt2,0.08,300
./QF_LRA/2017-Heizmann-UltimateInvariantSynthesis/_sanfoundry_10_ground.i_6_3_3.bpl_13.smt2,123.02,192.29
./QF_LRA/miplib/pk1-20.smt2,0.04,300
./QF_LRA/LassoRanker/CooperatingT2/p-43.t2.c_Iteration2_Loop_4-pieceTemplate.smt2,300.16,300
./QF_LRA/LassoRanker/CooperatingT2/sumit.t2.c_Iteration1_Lasso_4-pieceTemplate.smt2,165.90,300
./QF_LRA/miplib/pp08a-10000.smt2,300.06,300
./QF_LRA/miplib/vpm2-13.75.smt2,300.09,300
./QF_LRA/uart/uart-40.induction.cvc.smt2,174.01,300
./QF_LRA/LassoRanker/SV-COMP/LeeJonesBen-Amram-2001POPL-Ex5_true-termination.c_Iteration2_Lasso_7-phaseTemplate.smt2,189.15,163.21
./QF_LRA/miplib/pp08a-7350.smt2,300.04,300
./QF_LRA/miplib/pp08a-11000.smt2,300.05,300
./QF_LRA/LassoRanker/Ultimate/GcdNew.bpl_Iteration1_Lasso_6-phaseTemplate.smt2,246.77,193.59
./QF_LRA/tropical-matrix/constraint-330061.smt2,300.03,300
./QF_LRA/DTP-Scheduling/constraints-tempo-width-50.smt2,220.52,300
./QF_LRA/LassoRanker/CooperatingT2/sas2.t2.c_Iteration5_Lasso_5-phaseTemplate.smt2,252.67,254.83
./QF_LRA/tta_startup/simple_startup_15nodes.abstract.induct.smt2,186.01,300
./QF_LRA/LassoRanker/CooperatingT2/sas2.t2.c_Iteration5_Lasso_2-pieceTemplate.smt2,271.34,300
./QF_LRA/miplib/fixnet-3983.smt2,300.06,300
./QF_LRA/tropical-matrix/constraint-556101.smt2,300.07,300
./QF_LRA/tropical-matrix/constraint-1007893.smt2,300.13,300
