./QF_LRA/meti-tarski/sin/problem/7/weak/sin-problem-7-weak-chunk-0063.smt2,0.01
./QF_LRA/meti-tarski/sin/problem/7/sin-problem-7-chunk-0012.smt2,0.01
./QF_LRA/meti-tarski/sqrt/1mcosq/8/sqrt-1mcosq-8-chunk-0012.smt2,0.01
./QF_LRA/meti-tarski/cbrt/3/weak/cbrt-problem-3-weak-chunk-0080.smt2,0.01
./QF_LRA/meti-tarski/sin/problem/7/weak/sin-problem-7-weak-chunk-0036.smt2,0.02
./QF_LRA/meti-tarski/polypaver/bench-exp-3d/polypaver-bench-exp-3d-chunk-0058.smt2,0.02
./QF_LRA/meti-tarski/Chua/1/VC2/U/Chua-1-VC2-U-chunk-0057.smt2,0.01
./QF_LRA/meti-tarski/Chua/2/VC1/L/Chua-2-VC1-L-chunk-0080.smt2,0.01
./QF_LRA/meti-tarski/sin/problem/7/weak/sin-problem-7-weak-chunk-0044.smt2,0.02
./QF_LRA/meti-tarski/sin/problem/7/weak/sin-problem-7-weak-chunk-0051.smt2,0.01
./QF_LRA/meti-tarski/sin/problem/7/weak2/sin-problem-7-weak2-chunk-0031.smt2,0.02
./QF_LRA/meti-tarski/Chua/1/VC2/U/Chua-1-VC2-U-chunk-0028.smt2,0.01
./QF_LRA/meti-tarski/atan/problem/2/weak2/atan-problem-2-weak2-chunk-0119.smt2,0.02
./QF_LRA/meti-tarski/Chua/2/IL/L/Chua-2-IL-L-chunk-0030.smt2,0.02
./QF_LRA/meti-tarski/atan/problem/2/weak2/atan-problem-2-weak2-chunk-0054.smt2,0.01
./QF_LRA/meti-tarski/atan/problem/2/weak2/atan-problem-2-weak2-chunk-0038.smt2,0.01
./QF_LRA/meti-tarski/sin/problem/7/weak2/sin-problem-7-weak2-chunk-0074.smt2,0.02
./QF_LRA/meti-tarski/sin/problem/7/weak/sin-problem-7-weak-chunk-0023.smt2,0.01
./QF_LRA/meti-tarski/sqrt/1mcosq/7/sqrt-1mcosq-7-chunk-0103.smt2,0.01
./QF_LRA/meti-tarski/sin/problem/7/weak/sin-problem-7-weak-chunk-0008.smt2,0.01
./QF_LRA/DTP-Scheduling/constraints-cooking03.smt2,0.03
./QF_LRA/meti-tarski/sin/problem/7/sin-problem-7-chunk-0040.smt2,0.01
./QF_LRA/meti-tarski/sin/problem/7/weak/sin-problem-7-weak-chunk-0021.smt2,0.01
./QF_LRA/meti-tarski/sin/problem/7/weak/sin-problem-7-weak-chunk-0022.smt2,0.01
./QF_LRA/DTP-Scheduling/constraints-tms-2-3-light-05.smt2,0.03
./QF_LRA/DTP-Scheduling/constraints-cooking09.smt2,0.05
./QF_LRA/meti-tarski/atan/problem/2/weak2/atan-problem-2-weak2-chunk-0014.smt2,0.01
./QF_LRA/meti-tarski/polypaver/bench-exp-3d/polypaver-bench-exp-3d-chunk-0031.smt2,0.01
./QF_LRA/meti-tarski/sqrt/1mcosq/7/sqrt-1mcosq-7-chunk-0014.smt2,0.01
./QF_LRA/meti-tarski/Chua/1/IL/L/Chua-1-IL-L-chunk-0005.smt2,0.01
./QF_LRA/meti-tarski/cbrt/3/cbrt-problem-3-chunk-0038.smt2,0.01
./QF_LRA/meti-tarski/sin/problem/7/weak2/sin-problem-7-weak2-chunk-0037.smt2,0.01
./QF_LRA/DTP-Scheduling/constraints-cooking11.smt2,0.08
./QF_LRA/meti-tarski/sin/problem/7/weak2/sin-problem-7-weak2-chunk-0032.smt2,0.01
./QF_LRA/meti-tarski/sin/problem/7/weak/sin-problem-7-weak-chunk-0004.smt2,0.01
./QF_LRA/meti-tarski/sin/problem/7/weak2/sin-problem-7-weak2-chunk-0039.smt2,0.01
./QF_LRA/meti-tarski/Chua/1/VC2/L/Chua-1-VC2-L-chunk-0042.smt2,0.01
./QF_LRA/sc/sc-5.induction3.cvc.smt2,0.07
./QF_LRA/meti-tarski/sin/problem/7/weak2/sin-problem-7-weak2-chunk-0027.smt2,0.01
./QF_LRA/2019-ezsmt/routingMin/SCC_strong/d100.3.smt2,0.08
./QF_LRA/2019-ezsmt/routingMin/SCC_strong/d60.2.smt2,0.07
./QF_LRA/meti-tarski/CMOS/CMOS-opamp-chunk-0015.smt2,0.01
./QF_LRA/meti-tarski/sin/problem/7/weak/sin-problem-7-weak-chunk-0006.smt2,0.01
./QF_LRA/meti-tarski/atan/problem/2/weak2/atan-problem-2-weak2-chunk-0004.smt2,0.01
./QF_LRA/meti-tarski/CMOS/CMOS-opamp-chunk-0013.smt2,0.01
./QF_LRA/meti-tarski/atan/problem/2/weak2/atan-problem-2-weak2-chunk-0104.smt2,0.01
./QF_LRA/DTP-Scheduling/constraints-cooking02.smt2,0.02
./QF_LRA/meti-tarski/sin/problem/8/weak/sin-problem-8-weak-chunk-0018.smt2,0.01
./QF_LRA/DTP-Scheduling/constraints-tempo-width-7.smt2,0.11
./QF_LRA/DTP-Scheduling/constraints-tms-2-3-light-10.smt2,0.04
./QF_LRA/DTP-Scheduling/constraints-tempo-matrix2x2.pddl.smt2,0.05
./QF_LRA/meti-tarski/polypaver/bench-exp-3d/polypaver-bench-exp-3d-chunk-0032.smt2,0.02
./QF_LRA/meti-tarski/Chua/1/IL/U/Chua-1-IL-U-chunk-0035.smt2,0.01
./QF_LRA/meti-tarski/sin/problem/8/weak/sin-problem-8-weak-chunk-0008.smt2,0.01
./QF_LRA/meti-tarski/sqrt/1mcosq/7/sqrt-1mcosq-7-chunk-0120.smt2,0.01
./QF_LRA/meti-tarski/bottom-plate-mixer/bottom-plate-mixer-chunk-0051.smt2,0.01
./QF_LRA/meti-tarski/Chua/1/VC1/L/Chua-1-VC1-L-chunk-0058.smt2,0.01
./QF_LRA/meti-tarski/sqrt/1mcosq/7/sqrt-1mcosq-7-chunk-0068.smt2,0.01
./QF_LRA/sc/sc-10.induction.cvc.smt2,0.16
./QF_LRA/2019-ezsmt/blending/23.smt2,0.17
./QF_LRA/meti-tarski/CMOS/CMOS-opamp-chunk-0012.smt2,0.01
./QF_LRA/DTP-Scheduling/constraints-tempo-depth-4.smt2,0.03
./QF_LRA/2019-ezsmt/blending/input01.txt.smt2,0.20
./QF_LRA/sc/sc-7.induction2.cvc.smt2,0.13
./QF_LRA/meti-tarski/sin/problem/7/weak2/sin-problem-7-weak2-chunk-0047.smt2,0.01
./QF_LRA/meti-tarski/atan/problem/2/weak2/atan-problem-2-weak2-chunk-0062.smt2,0.01
./QF_LRA/DTP-Scheduling/constraints-temporal-machine-shop-2-3-A03.smt2,0.02
./QF_LRA/meti-tarski/sin/problem/7/sin-problem-7-chunk-0014.smt2,0.01
./QF_LRA/DTP-Scheduling/constraints-tempo-width-2.smt2,0.03
./QF_LRA/DTP-Scheduling/constraints-tempo-width-9.smt2,0.19
./QF_LRA/2019-ezsmt/blending/22.smt2,0.15
./QF_LRA/meti-tarski/Chua/2/IL/L/Chua-2-IL-L-chunk-0071.smt2,0.01
./QF_LRA/meti-tarski/Chua/2/VC1/L/Chua-2-VC1-L-chunk-0082.smt2,0.01
./QF_LRA/DTP-Scheduling/constraints-tempo-depth-30.smt2,0.22
./QF_LRA/meti-tarski/sin/problem/7/sin-problem-7-chunk-0026.smt2,0.01
./QF_LRA/meti-tarski/Chua/1/VC2/U/Chua-1-VC2-U-chunk-0043.smt2,0.01
./QF_LRA/meti-tarski/Chua/1/VC1/U/Chua-1-VC1-U-chunk-0035.smt2,0.01
./QF_LRA/DTP-Scheduling/constraints-cooking15.smt2,0.08
./QF_LRA/sc/sc-12.induction2.cvc.smt2,0.29
./QF_LRA/sc/sc-6.induction.cvc.smt2,0.09
./QF_LRA/uart/uart-10.induction.cvc.smt2,0.36
./QF_LRA/meti-tarski/sin/problem/7/weak2/sin-problem-7-weak2-chunk-0006.smt2,0.01
./QF_LRA/meti-tarski/atan/problem/2/weak2/atan-problem-2-weak2-chunk-0017.smt2,0.01
./QF_LRA/sc/sc-15.induction2.cvc.smt2,0.41
./QF_LRA/DTP-Scheduling/constraints-tempo-depth-50.smt2,0.45
./QF_LRA/meti-tarski/sin/problem/7/sin-problem-7-chunk-0061.smt2,0.01
./QF_LRA/DTP-Scheduling/constraints-cooking04.smt2,0.03
./QF_LRA/sc/sc-16.induction.cvc.smt2,0.33
./QF_LRA/sc/sc-9.induction3.cvc.smt2,0.16
./QF_LRA/2019-ezsmt/blending/15.smt2,0.18
./QF_LRA/meti-tarski/sin/problem/8/weak/sin-problem-8-weak-chunk-0009.smt2,0.01
./QF_LRA/meti-tarski/cbrt/3/weak/cbrt-problem-3-weak-chunk-0043.smt2,0.01
./QF_LRA/sc/sc-17.induction3.cvc.smt2,0.47
./QF_LRA/DTP-Scheduling/constraints-tms-2-3-light-06.smt2,0.04
./QF_LRA/sc/sc-21.induction2.cvc.smt2,0.60
./QF_LRA/DTP-Scheduling/constraints-temporal-machine-shop-2-3-A08.smt2,0.09
./QF_LRA/DTP-Scheduling/constraints-cooking01.smt2,0.02
./QF_LRA/sc/sc-12.induction.cvc.smt2,0.20
./QF_LRA/DTP-Scheduling/constraints-tms-2-3-light-40.smt2,0.71
./QF_LRA/meti-tarski/atan/problem/2/weak2/atan-problem-2-weak2-chunk-0076.smt2,0.01
./QF_LRA/2017-Heizmann-UltimateInvariantSynthesis/_hhk2008.c.i_3_3_2.bpl_7.smt2,0.61
./QF_LRA/sc/sc-18.induction2.cvc.smt2,0.62
./QF_LRA/meti-tarski/sin/problem/8/sin-problem-8-chunk-0011.smt2,0.01
./QF_LRA/TM/p-0-bucket_s7.smt2,0.78
./QF_LRA/sc/sc-25.induction.cvc.smt2,0.69
./QF_LRA/meti-tarski/CMOS/CMOS-opamp-chunk-0016.smt2,0.01
./QF_LRA/meti-tarski/polypaver/bench-exp-3d/polypaver-bench-exp-3d-chunk-0035.smt2,0.02
./QF_LRA/DTP-Scheduling/constraints-temporal-machine-shop-2-3-A30.smt2,0.97
./QF_LRA/sc/sc-28.induction.cvc.smt2,0.74
./QF_LRA/sc/sc-30.induction.cvc.smt2,0.94
./QF_LRA/meti-tarski/Chua/1/IL/U/Chua-1-IL-U-chunk-0030.smt2,0.02
./QF_LRA/meti-tarski/polypaver/bench-exp-3d/polypaver-bench-exp-3d-chunk-0048.smt2,0.01
./QF_LRA/sc/sc-28.induction3.cvc.smt2,0.93
./QF_LRA/sc/sc-25.induction2.cvc.smt2,1.01
./QF_LRA/miplib/pp08a-12000.smt2,1.01
./QF_LRA/uart/uart-23.induction.cvc.smt2,1.07
./QF_LRA/sc/sc-24.induction2.cvc.smt2,0.99
./QF_LRA/tta_startup/simple_startup_8nodes.bug.induct.smt2,1.07
./QF_LRA/LassoRanker/Ultimate/CooperatingT2_consts1.bpl_Iteration1_Lasso_6-phaseTemplate.smt2,1.01
./QF_LRA/DTP-Scheduling/constraints-tempo-width-20.smt2,1.15
./QF_LRA/sc/sc-9.induction.cvc.smt2,0.16
./QF_LRA/sc/sc-27.induction2.cvc.smt2,1.17
./QF_LRA/sc/sc-28.induction2.cvc.smt2,1.25
./QF_LRA/DTP-Scheduling/constraints-temporal-machine-shop-2-3-A20.smt2,0.35
./QF_LRA/sc/sc-34.induction.cvc.smt2,1.16
./QF_LRA/sc/sc-37.induction.cvc.smt2,1.33
./QF_LRA/DTP-Scheduling/constraints-temporal-machine-shop-2-3-A09.smt2,0.15
./QF_LRA/sc/sc-14.induction.cvc.smt2,0.30
./QF_LRA/2019-ezsmt/travellingSalesperson/rand_70_300_1155482584_3.lp.smt2,1.33
./QF_LRA/2019-ezsmt/travellingSalesperson/rand_80_340_1159656267_4.lp.smt2,1.36
./QF_LRA/TM/p-0-bucket_s10.smt2,1.51
./QF_LRA/meti-tarski/asin/8/asin-8-chunk-0030.smt2,0.02
./QF_LRA/sc/sc-36.induction2.cvc.smt2,1.60
./QF_LRA/DTP-Scheduling/constraints-cooking20.smt2,0.14
./QF_LRA/meti-tarski/cbrt/3/cbrt-problem-3-chunk-0071.smt2,0.01
./QF_LRA/meti-tarski/polypaver/bench-exp-3d/polypaver-bench-exp-3d-chunk-0057.smt2,0.01
./QF_LRA/meti-tarski/Chua/1/VC2/L/Chua-1-VC2-L-chunk-0030.smt2,0.03
./QF_LRA/sc/sc-40.induction3.cvc.smt2,1.77
./QF_LRA/2019-ezsmt/routingMin/SCC_strong/d40.5.smt2,0.11
./QF_LRA/DTP-Scheduling/constraints-tempo-matrix6x6.pddl.smt2,1.21
./QF_LRA/meti-tarski/polypaver/bench-exp-3d/polypaver-bench-exp-3d-chunk-0039.smt2,0.04
./QF_LRA/LassoRanker/Ultimate/MenloPark.bpl_Iteration1_Lasso_7-phaseTemplate.smt2,1.78
./QF_LRA/meti-tarski/polypaver/bench-exp-3d/polypaver-bench-exp-3d-chunk-0089.smt2,0.06
./QF_LRA/DTP-Scheduling/constraints-cooking05.smt2,0.03
./QF_LRA/meti-tarski/asin/8/asin-8-chunk-0032.smt2,0.01
./QF_LRA/meti-tarski/sqrt/1mcosq/7/sqrt-1mcosq-7-chunk-0092.smt2,0.01
./QF_LRA/meti-tarski/Chua/1/IL/L/Chua-1-IL-L-chunk-0013.smt2,0.01
./QF_LRA/DTP-Scheduling/constraints-cooking22.smt2,0.15
./QF_LRA/sc/sc-38.induction3.cvc.smt2,1.87
./QF_LRA/meti-tarski/Chua/1/VC2/L/Chua-1-VC2-L-chunk-0056.smt2,0.01
./QF_LRA/LassoRanker/SV-COMP/LeeJonesBen-Amram-2001POPL-Ex6_true-termination.c_Iteration2_Lasso_6-phaseTemplate.smt2,2.05
./QF_LRA/meti-tarski/Chua/1/VC1/L/Chua-1-VC1-L-chunk-0012.smt2,0.01
./QF_LRA/meti-tarski/Chua/1/IL/L/Chua-1-IL-L-chunk-0008.smt2,0.01
./QF_LRA/tta_startup/simple_startup_10nodes.bug.induct.smt2,2.06
./QF_LRA/2019-ezsmt/travellingSalesperson/rand_70_300_1155482584_0.lp.smt2,1.86
./QF_LRA/meti-tarski/atan/problem/2/weak2/atan-problem-2-weak2-chunk-0107.smt2,0.01
./QF_LRA/meti-tarski/atan/problem/1/weak/atan-problem-1-weak-chunk-0021.smt2,0.01
./QF_LRA/sal/tgc/tgc_io-safe-18.smt2,0.85
./QF_LRA/sc/sc-22.induction.cvc.smt2,0.48
./QF_LRA/uart/uart-33.induction.cvc.smt2,2.37
./QF_LRA/meti-tarski/sin/problem/7/weak/sin-problem-7-weak-chunk-0065.smt2,0.01
./QF_LRA/sc/sc-39.induction3.cvc.smt2,1.97
./QF_LRA/2019-ezsmt/travellingSalesperson/tsp_rand_70_300_1155482584_5.lp.smt2,3.00
./QF_LRA/LassoRanker/Ultimate/CooperatingT2_consts1.bpl_Iteration1_Lasso_3-pieceTemplate.smt2,1.07
./QF_LRA/sc/sc-23.induction3.cvc.smt2,1.28
./QF_LRA/DTP-Scheduling/constraints-tempo-matrix1x1.pddl.smt2,0.02
./QF_LRA/LassoRanker/Ultimate/GulwaniResetBranchOnly.bpl_Iteration1_Lasso_6-phaseTemplate.smt2,2.60
./QF_LRA/meti-tarski/Chua/1/VC2/L/Chua-1-VC2-L-chunk-0035.smt2,0.01
./QF_LRA/miplib/vpm2-20.smt2,2.03
./QF_LRA/tta_startup/simple_startup_12nodes.bug.induct.smt2,3.16
./QF_LRA/uart/uart-39.induction.cvc.smt2,3.70
./QF_LRA/meti-tarski/Chua/1/IL/L/Chua-1-IL-L-chunk-0010.smt2,0.01
./QF_LRA/uart/uart-35.induction.cvc.smt2,2.88
./QF_LRA/meti-tarski/sqrt/1mcosq/8/sqrt-1mcosq-8-chunk-0417.smt2,0.01
./QF_LRA/sal/tgc/tgc_io-safe-17.smt2,0.80
./QF_LRA/uart/uart-32.induction.cvc.smt2,2.65
./QF_LRA/2019-ezsmt/blending/11.smt2,0.26
./QF_LRA/tta_startup/simple_startup_12nodes.missing.induct.smt2,2.71
./QF_LRA/TM/p3-driverlogNumeric_s8.smt2,4.34
./QF_LRA/meti-tarski/cbrt/3/weak/cbrt-problem-3-weak-chunk-0067.smt2,0.01
./QF_LRA/sc/sc-20.induction3.cvc.smt2,0.71
./QF_LRA/meti-tarski/Chua/1/IL/L/Chua-1-IL-L-chunk-0011.smt2,0.01
./QF_LRA/2019-ezsmt/travellingSalesperson/rand_70_300_1155482584_11.lp.smt2,1.37
./QF_LRA/sc/sc-27.induction.cvc.smt2,0.79
./QF_LRA/tta_startup/simple_startup_14nodes.missing.induct.smt2,4.63
./QF_LRA/meti-tarski/sin/problem/7/weak/sin-problem-7-weak-chunk-0056.smt2,0.02
./QF_LRA/sc/sc-31.induction.cvc.smt2,1.25
./QF_LRA/LassoRanker/CooperatingT2/eric2.t2.c_Iteration3_Loop_7-phaseTemplate.smt2,5.56
./QF_LRA/meti-tarski/bottom-plate-mixer/bottom-plate-mixer-chunk-0019.smt2,0.01
./QF_LRA/meti-tarski/cbrt/3/cbrt-problem-3-chunk-0047.smt2,0.01
./QF_LRA/meti-tarski/atan/problem/2/weak2/atan-problem-2-weak2-chunk-0005.smt2,0.01
./QF_LRA/meti-tarski/sqrt/1mcosq/7/sqrt-1mcosq-7-chunk-0067.smt2,0.01
./QF_LRA/tta_startup/simple_startup_9nodes.bug.induct.smt2,1.85
./QF_LRA/DTP-Scheduling/constraints-tempo-depth-7.smt2,0.05
./QF_LRA/2019-ezsmt/travellingSalesperson/rand_70_300_1155482584_8.lp.smt2,1.33
./QF_LRA/meti-tarski/Chua/1/IL/L/Chua-1-IL-L-chunk-0142.smt2,0.01
./QF_LRA/LassoRanker/SV-COMP/LeeJonesBen-Amram-2001POPL-Ex6_true-termination.c_Iteration1_Lasso_4-pieceTemplate.smt2,5.90
./QF_LRA/meti-tarski/sin/344/4/sin-344-4-chunk-0016.smt2,0.02
./QF_LRA/DTP-Scheduling/constraints-cooking19.smt2,0.13
./QF_LRA/meti-tarski/atan/problem/2/weak2/atan-problem-2-weak2-chunk-0051.smt2,0.01
./QF_LRA/LassoRanker/SV-COMP/LeeJonesBen-Amram-2001POPL-Ex6_true-termination.c_Iteration1_Lasso_7-phaseTemplate.smt2,4.11
./QF_LRA/meti-tarski/bottom-plate-mixer/bottom-plate-mixer-chunk-0008.smt2,0.01
./QF_LRA/DTP-Scheduling/constraints-tempo-matrix8x8.pddl.smt2,3.90
./QF_LRA/meti-tarski/Chua/1/VC2/L/Chua-1-VC2-L-chunk-0008.smt2,0.01
./QF_LRA/DTP-Scheduling/constraints-tms-2-3-light-90.smt2,6.88
./QF_LRA/meti-tarski/CMOS/CMOS-opamp-chunk-0007.smt2,0.01
./QF_LRA/2019-ezsmt/routingMin/SCC_strong/d110.6.smt2,0.11
./QF_LRA/sc/sc-15.induction3.cvc.smt2,0.41
./QF_LRA/sc/sc-10.induction2.cvc.smt2,0.24
./QF_LRA/uart/uart-7.induction.cvc.smt2,0.25
./QF_LRA/LassoRanker/SV-COMP/LeeJonesBen-Amram-2001POPL-Ex6_true-termination.c_Iteration2_Lasso_7-phaseTemplate.smt2,5.51
./QF_LRA/LassoRanker/Ultimate/GulwaniResetBranchOnly.bpl_Iteration1_Lasso_4-pieceTemplate.smt2,5.65
./QF_LRA/TM/p-2-bucket_s11.smt2,8.25
./QF_LRA/miplib/opt1217--1.smt2,8.59
./QF_LRA/miplib/opt1217--11.smt2,8.66
./QF_LRA/meti-tarski/sin/problem/8/weak/sin-problem-8-weak-chunk-0037.smt2,0.02
./QF_LRA/2017-Heizmann-UltimateInvariantSynthesis/_simple4.i_3_4_2.bpl_11.smt2,0.70
./QF_LRA/sc/sc-15.induction.cvc.smt2,0.54
./QF_LRA/TM/p4-zenonumeric_s5.smt2,3.84
./QF_LRA/sal/tgc/tgc_io-safe-19.smt2,0.93
./QF_LRA/latendresse/ecoliFBAyicesTest-31875-32.smt2,5.56
./QF_LRA/LassoRanker/CooperatingT2/polyrank6.t2.c_Iteration1_Loop_7-phaseTemplate.smt2,10.60
./QF_LRA/meti-tarski/sqrt/1mcosq/7/sqrt-1mcosq-7-chunk-0065.smt2,0.01
./QF_LRA/sc/sc-6.induction3.cvc.smt2,0.11
./QF_LRA/LassoRanker/Ultimate/Gothenburg.bpl_Iteration1_Lasso_7-phaseTemplate.smt2,5.52
./QF_LRA/TM/p4-driverlogNumeric_s8.smt2,10.97
./QF_LRA/sc/sc-34.induction3.cvc.smt2,1.45
./QF_LRA/sal/windowreal/windowreal-safe-3.smt2,0.16
./QF_LRA/uart/uart-9.induction.cvc.smt2,0.58
./QF_LRA/2019-ezsmt/travellingSalesperson/rand_70_300_1155482584_5.lp.smt2,2.73
./QF_LRA/meti-tarski/atan/problem/1/weak/atan-problem-1-weak-chunk-0019.smt2,0.02
./QF_LRA/DTP-Scheduling/constraints-tempo-width-60.smt2,13.61
./QF_LRA/meti-tarski/sin/problem/7/sin-problem-7-chunk-0030.smt2,0.02
./QF_LRA/miplib/fixnet-5000.smt2,6.08
./QF_LRA/meti-tarski/sin/problem/7/weak/sin-problem-7-weak-chunk-0013.smt2,0.02
./QF_LRA/2017-Heizmann-UltimateInvariantSynthesis/_standard_two_index_04.i_3_2_2.bpl_11.smt2,0.80
./QF_LRA/meti-tarski/Arthan/1A/Arthan1A-chunk-0015.smt2,0.02
./QF_LRA/LassoRanker/CooperatingT2/toeplz.c.i.toeplz.pl.t2.fixed.t2.c_Iteration9_Loop_7-phaseTemplate.smt2,14.62
./QF_LRA/sc/sc-11.induction3.cvc.smt2,0.31
./QF_LRA/LassoRanker/CooperatingT2/mc91test.t2.c_Iteration6_Loop_4-pieceTemplate.smt2,15.65
./QF_LRA/sc/sc-30.induction2.cvc.smt2,1.56
./QF_LRA/DTP-Scheduling/constraints-temporal-machine-shop-2-3-A60.smt2,5.29
./QF_LRA/meti-tarski/sin/problem/7/weak2/sin-problem-7-weak2-chunk-0036.smt2,0.01
./QF_LRA/DTP-Scheduling/constraints-cooking16.smt2,0.11
./QF_LRA/meti-tarski/sqrt/1mcosq/7/sqrt-1mcosq-7-chunk-0082.smt2,0.01
./QF_LRA/2017-Heizmann-UltimateInvariantSynthesis/_standard_init7_ground.i_3_2_2.bpl_7.smt2,2.35
./QF_LRA/meti-tarski/sin/problem/7/weak/sin-problem-7-weak-chunk-0041.smt2,0.01
./QF_LRA/2019-ezsmt/travellingSalesperson/rand_80_340_1159656267_6.lp.smt2,1.53
./QF_LRA/sc/sc-12.induction3.cvc.smt2,0.31
./QF_LRA/meti-tarski/cbrt/3/weak/cbrt-problem-3-weak-chunk-0047.smt2,0.01
./QF_LRA/meti-tarski/Chua/1/VC1/L/Chua-1-VC1-L-chunk-0005.smt2,0.02
./QF_LRA/meti-tarski/sin/problem/7/weak/sin-problem-7-weak-chunk-0035.smt2,0.02
./QF_LRA/meti-tarski/atan/problem/2/weak2/atan-problem-2-weak2-chunk-0026.smt2,0.02
./QF_LRA/DTP-Scheduling/constraints-tempo-depth-40.smt2,0.37
./QF_LRA/meti-tarski/sin/problem/7/weak/sin-problem-7-weak-chunk-0069.smt2,0.01
./QF_LRA/LassoRanker/CooperatingT2/smagillc-fail.t2.c_Iteration1_Loop_7-phaseTemplate.smt2,18.30
./QF_LRA/tropical-matrix/constraint-269735.smt2,10.62
./QF_LRA/meti-tarski/polypaver/bench-exp-3d/polypaver-bench-exp-3d-chunk-0018.smt2,0.02
./QF_LRA/meti-tarski/sin/problem/7/weak/sin-problem-7-weak-chunk-0024.smt2,0.03
./QF_LRA/2019-ezsmt/travellingSalesperson/rand_80_340_1159656267_16.lp.smt2,3.18
./QF_LRA/uart/uart-8.induction.cvc.smt2,0.34
./QF_LRA/meti-tarski/sin/problem/7/weak2/sin-problem-7-weak2-chunk-0041.smt2,0.02
./QF_LRA/2017-Heizmann-UltimateInvariantSynthesis/_sorting_bubblesort_ground.i_4_3_3.bpl_11.smt2,12.54
./QF_LRA/meti-tarski/sin/problem/7/sin-problem-7-chunk-0005.smt2,0.03
./QF_LRA/uart/uart-5.induction.cvc.smt2,0.14
./QF_LRA/TM/p-3-bucket_s10.smt2,16.35
./QF_LRA/2017-Heizmann-UltimateInvariantSynthesis/_array_monotonic.i_3_2_2.bpl_11.smt2,0.67
./QF_LRA/TM/p5-zenonumeric_s7.smt2,21.14
./QF_LRA/DTP-Scheduling/constraints-temporal-machine-shop-2-3-A40.smt2,1.41
./QF_LRA/meti-tarski/Chua/1/VC1/L/Chua-1-VC1-L-chunk-0013.smt2,0.02
./QF_LRA/tta_startup/simple_startup_4nodes.bug.induct.smt2,0.38
./QF_LRA/sc/sc-19.induction2.cvc.smt2,0.63
./QF_LRA/LassoRanker/Ultimate/SanDiego.bpl_Iteration1_Loop_4-pieceTemplate.smt2,3.13
./QF_LRA/meti-tarski/sin/problem/8/weak/sin-problem-8-weak-chunk-0014.smt2,0.02
./QF_LRA/meti-tarski/cbrt/3/weak/cbrt-problem-3-weak-chunk-0053.smt2,0.04
./QF_LRA/sc/sc-25.induction3.cvc.smt2,2.20
./QF_LRA/meti-tarski/Chua/1/IL/L/Chua-1-IL-L-chunk-0043.smt2,0.02
./QF_LRA/LassoRanker/Ultimate/Gcd.bpl_Iteration1_Lasso_7-phaseTemplate.smt2,23.80
./QF_LRA/sal/carpark/Carpark2-ausgabe-8.smt2,1.18
./QF_LRA/LassoRanker/Ultimate/yPositive-SIscaled50.bpl_Iteration1_Loop_5-phaseTemplate.smt2,25.45
./QF_LRA/TM/p3-zenonumeric_s5.smt2,2.86
./QF_LRA/sc/sc-22.induction2.cvc.smt2,0.79
./QF_LRA/meti-tarski/sin/problem/7/weak/sin-problem-7-weak-chunk-0031.smt2,0.02
./QF_LRA/meti-tarski/polypaver/bench-exp-3d/polypaver-bench-exp-3d-chunk-0043.smt2,0.04
./QF_LRA/miplib/opt1217--6.smt2,8.27
./QF_LRA/DTP-Scheduling/constraints-tempo-matrix7x7.pddl.smt2,2.12
./QF_LRA/uart/uart-26.induction.cvc.smt2,1.62
./QF_LRA/LassoRanker/CooperatingT2/ludcmp.t2.c_Iteration7_Loop_7-phaseTemplate.smt2,27.25
./QF_LRA/DTP-Scheduling/constraints-cooking18.smt2,0.12
./QF_LRA/meti-tarski/bottom-plate-mixer/bottom-plate-mixer-chunk-0006.smt2,0.01
./QF_LRA/meti-tarski/sin/cos/sin-cos-346-b-chunk-0009.smt2,0.01
./QF_LRA/2019-ezsmt/travellingSalesperson/tsp_rand_70_300_1155482584_12.lp.smt2,3.16
./QF_LRA/meti-tarski/sin/problem/7/weak2/sin-problem-7-weak2-chunk-0038.smt2,0.02
./QF_LRA/TM/p7-driverlogNumeric_s8.smt2,28.65
./QF_LRA/DTP-Scheduling/constraints-cooking08.smt2,0.07
./QF_LRA/LassoRanker/CooperatingT2/toeplz.t2.c_Iteration9_Loop_7-phaseTemplate.smt2,16.18
./QF_LRA/sc/sc-40.induction.cvc.smt2,1.84
./QF_LRA/meti-tarski/atan/problem/2/weak2/atan-problem-2-weak2-chunk-0034.smt2,0.01
./QF_LRA/TM/p7-driverlogNumeric_s7.smt2,30.78
./QF_LRA/meti-tarski/polypaver/bench-exp-3d/polypaver-bench-exp-3d-chunk-0144.smt2,0.02
./QF_LRA/meti-tarski/sin/problem/7/weak2/sin-problem-7-weak2-chunk-0021.smt2,0.02
./QF_LRA/2019-ezsmt/travellingSalesperson/rand_80_340_1159656267_0.lp.smt2,2.71
./QF_LRA/LassoRanker/CooperatingT2/selectSort.t2.c_Iteration3_Loop_7-phaseTemplate.smt2,31.77
./QF_LRA/meti-tarski/CMOS/CMOS-opamp-chunk-0010.smt2,0.04
./QF_LRA/2019-ezsmt/travellingSalesperson/rand_70_300_1155482584_9.lp.smt2,2.05
./QF_LRA/LassoRanker/SV-COMP/LeeJonesBen-Amram-2001POPL-Ex2_true-termination.c_Iteration1_Lasso_4-pieceTemplate.smt2,29.78
./QF_LRA/sc/sc-29.induction.cvc.smt2,0.98
./QF_LRA/LassoRanker/CooperatingT2/consts1.t2.c_Iteration1_Lasso_4-pieceTemplate.smt2,13.68
./QF_LRA/meti-tarski/sqrt/1mcosq/8/sqrt-1mcosq-8-chunk-0037.smt2,0.02
./QF_LRA/tta_startup/simple_startup_15nodes.missing.induct.smt2,5.82
./QF_LRA/meti-tarski/sin/problem/8/weak/sin-problem-8-weak-chunk-0021.smt2,0.02
./QF_LRA/meti-tarski/Chua/2/VC1/L/Chua-2-VC1-L-chunk-0051.smt2,0.01
./QF_LRA/DTP-Scheduling/constraints-cooking12.smt2,0.07
./QF_LRA/meti-tarski/sin/problem/7/weak/sin-problem-7-weak-chunk-0058.smt2,0.02
./QF_LRA/LassoRanker/SV-COMP/joey_false-termination.c_Iteration1_Loop_7-phaseTemplate.smt2,40.16
./QF_LRA/meti-tarski/sin/problem/7/weak/sin-problem-7-weak-chunk-0054.smt2,0.02
./QF_LRA/tta_startup/simple_startup_15nodes.bug.induct.smt2,5.17
./QF_LRA/meti-tarski/sin/problem/7/weak/sin-problem-7-weak-chunk-0025.smt2,0.02
./QF_LRA/miplib/opt1217--57.smt2,9.45
./QF_LRA/2019-ezsmt/blending/25.smt2,0.20
./QF_LRA/2019-ezsmt/travellingSalesperson/rand_80_340_1159656267_18.lp.smt2,2.19
./QF_LRA/meti-tarski/sin/problem/7/sin-problem-7-chunk-0052.smt2,0.01
./QF_LRA/miplib/pk1-100.smt2,2.00
./QF_LRA/2019-ezsmt/blending/27.smt2,0.19
./QF_LRA/sc/sc-16.induction3.cvc.smt2,0.43
./QF_LRA/meti-tarski/bottom-plate-mixer/bottom-plate-mixer-chunk-0014.smt2,0.02
./QF_LRA/LassoRanker/Ultimate/Gcd_havoc.bpl_Iteration1_Lasso_6-phaseTemplate.smt2,13.19
./QF_LRA/uart/uart-17.induction.cvc.smt2,0.80
./QF_LRA/sc/sc-5.induction.cvc.smt2,0.08
./QF_LRA/meti-tarski/sin/problem/7/weak2/sin-problem-7-weak2-chunk-0007.smt2,0.02
./QF_LRA/meti-tarski/atan/problem/2/weak/atan-problem-2-weak-chunk-0203.smt2,0.01
./QF_LRA/DTP-Scheduling/constraints-tms-2-3-light-20.smt2,0.23
./QF_LRA/sc/sc-24.induction3.cvc.smt2,0.97
./QF_LRA/meti-tarski/sin/problem/7/weak2/sin-problem-7-weak2-chunk-0004.smt2,0.02
./QF_LRA/meti-tarski/bottom-plate-mixer/bottom-plate-mixer-chunk-0034.smt2,0.03
./QF_LRA/meti-tarski/sqrt/1mcosq/7/sqrt-1mcosq-7-chunk-0064.smt2,0.01
./QF_LRA/meti-tarski/sin/problem/7/weak/sin-problem-7-weak-chunk-0016.smt2,0.01
./QF_LRA/LassoRanker/Ultimate/SyntaxSupportBooleans5.bpl_Iteration1_Loop_4-pieceTemplate.smt2,48.26
./QF_LRA/tropical-matrix/constraint-251380.smt2,8.50
./QF_LRA/sc/sc-21.induction3.cvc.smt2,0.72
./QF_LRA/LassoRanker/Ultimate/Braverman-2006CAV-Ex1-int.bpl_Iteration1_Loop_7-phaseTemplate.smt2,1.37
./QF_LRA/meti-tarski/sin/problem/7/weak/sin-problem-7-weak-chunk-0010.smt2,0.01
./QF_LRA/meti-tarski/Chua/1/VC1/L/Chua-1-VC1-L-chunk-0006.smt2,0.01
./QF_LRA/meti-tarski/bottom-plate-mixer/bottom-plate-mixer-chunk-0011.smt2,0.02
./QF_LRA/meti-tarski/atan/problem/1/atan-problem-1-chunk-0015.smt2,0.01
./QF_LRA/TM/p6-zenonumeric_s7.smt2,31.84
./QF_LRA/meti-tarski/sqrt/1mcosq/8/sqrt-1mcosq-8-chunk-0011.smt2,0.02
./QF_LRA/sc/sc-13.induction.cvc.smt2,0.26
./QF_LRA/meti-tarski/sin/problem/7/weak2/sin-problem-7-weak2-chunk-0069.smt2,0.02
./QF_LRA/LassoRanker/CooperatingT2/fun4.t2.c_Iteration1_Lasso_4-pieceTemplate.smt2,37.89
./QF_LRA/DTP-Scheduling/constraints-tms-2-3-light-30.smt2,0.39
./QF_LRA/LassoRanker/CooperatingT2/sas2.t2.c_Iteration1_Lasso_5-phaseTemplate.smt2,63.33
./QF_LRA/meti-tarski/sin/problem/7/weak2/sin-problem-7-weak2-chunk-0033.smt2,0.01
./QF_LRA/LassoRanker/Ultimate/GcdNew.bpl_Iteration1_Lasso_5-phaseTemplate.smt2,62.60
./QF_LRA/LassoRanker/CooperatingT2/elmhes.t2.c_Iteration4_Loop_7-phaseTemplate.smt2,35.45
./QF_LRA/meti-tarski/cbrt/3/weak/cbrt-problem-3-weak-chunk-0055.smt2,0.01
./QF_LRA/meti-tarski/sin/344/3/sin-344-3-weak-chunk-0029.smt2,0.01
./QF_LRA/meti-tarski/cbrt/3/weak/cbrt-problem-3-weak-chunk-0044.smt2,0.01
./QF_LRA/2019-ezsmt/travellingSalesperson/rand_70_300_1155482584_4.lp.smt2,1.47
./QF_LRA/LassoRanker/CooperatingT2/wrong_loop.t2.c_Iteration3_Loop_7-phaseTemplate.smt2,20.72
./QF_LRA/LassoRanker/Ultimate/Gcd.bpl_Iteration1_Lasso_4-pieceTemplate.smt2,68.13
./QF_LRA/LassoRanker/Ultimate/bound-scaled200.bpl_Iteration1_Loop_6-phaseTemplate.smt2,109.66
./QF_LRA/DTP-Scheduling/constraints-tempo-width-4.smt2,0.05
./QF_LRA/2019-ezsmt/Labyrinth/SCC_Strong/0003-labyrinth-11-0.smt2,90.06
./QF_LRA/LassoRanker/CooperatingT2/p-55.t2.c_Iteration3_Loop_7-phaseTemplate.smt2,84.74
./QF_LRA/meti-tarski/sin/cos/sin-cos-346-b-chunk-0137.smt2,0.01
./QF_LRA/sc/sc-20.induction2.cvc.smt2,0.70
./QF_LRA/LassoRanker/SV-COMP/LeeJonesBen-Amram-2001POPL-Ex5_true-termination.c_Iteration2_Lasso_3-pieceTemplate.smt2,111.17
./QF_LRA/DTP-Scheduling/constraints-tempo-depth-100.smt2,1.42
./QF_LRA/LassoRanker/CooperatingT2/ludcmp.t2.c_Iteration9_Loop_6-phaseTemplate.smt2,149.17
./QF_LRA/sc/sc-18.induction.cvc.smt2,0.43
./QF_LRA/LassoRanker/CooperatingT2/p-43.t2.c_Iteration5_Loop_7-phaseTemplate.smt2,168.99
./QF_LRA/LassoRanker/CooperatingT2/p-55.t2.c_Iteration2_Loop_4-pieceTemplate.smt2,142.02
./QF_LRA/LassoRanker/CooperatingT2/firewire.t2.c_Iteration1_Lasso_3-phaseTemplate.smt2,169.44
./QF_LRA/LassoRanker/Ultimate/yPositive-SIscaled100.bpl_Iteration1_Loop_6-phaseTemplate.smt2,201.15
./QF_LRA/meti-tarski/Chua/1/VC1/U/Chua-1-VC1-U-chunk-0059.smt2,0.01
./QF_LRA/2019-ezsmt/travellingSalesperson/rand_80_340_1159656267_15.lp.smt2,2.85
./QF_LRA/LassoRanker/Ultimate/GcdNew.bpl_Iteration1_Lasso_7-phaseTemplate.smt2,181.26
./QF_LRA/meti-tarski/sin/problem/8/sin-problem-8-chunk-0037.smt2,0.01
./QF_LRA/uart/uart-12.induction.cvc.smt2,0.41
./QF_LRA/meti-tarski/Chua/1/IL/U/Chua-1-IL-U-chunk-0042.smt2,0.02
./QF_LRA/LassoRanker/CooperatingT2/p-43.t2.c_Iteration5_Loop_4-pieceTemplate.smt2,238.69
./QF_LRA/meti-tarski/cbrt/3/cbrt-problem-3-chunk-0059.smt2,0.01
./QF_LRA/meti-tarski/sin/problem/7/sin-problem-7-chunk-0063.smt2,0.01
./QF_LRA/miplib/pp08a-9000.smt2,1.24
./QF_LRA/2017-Heizmann-UltimateInvariantSynthesis/_nested9.i_5_6_6.bpl_7.smt2,7.50
./QF_LRA/LassoRanker/CooperatingT2/p-43.t2.c_Iteration4_Loop_4-pieceTemplate.smt2,248.76
./QF_LRA/sal/tgc/tgc_io-safe-20.smt2,1.00
./QF_LRA/LassoRanker/CooperatingT2/sas2.t2.c_Iteration6_Lasso_6-phaseTemplate.smt2,250.87
./QF_LRA/meti-tarski/Chua/1/IL/L/Chua-1-IL-L-chunk-0128.smt2,0.01
./QF_LRA/2019-ezsmt/Labyrinth/SCC_Strong/0059-labyrinth-13-0.smt2,268.34
./QF_LRA/DTP-Scheduling/constraints-tempo-width-1.smt2,0.02
./QF_LRA/2019-ezsmt/routingMax/SCC_strong/p50.56.smt2,0.09
./QF_LRA/meti-tarski/bottom-plate-mixer/bottom-plate-mixer-chunk-0015.smt2,0.01
./QF_LRA/LassoRanker/CooperatingT2/elmhes.c.i.elmhes.pl.t2.fixed.t2.c_Iteration5_Loop_6-phaseTemplate.smt2,141.69
./QF_LRA/meti-tarski/sqrt/1mcosq/7/sqrt-1mcosq-7-chunk-0101.smt2,0.01
./QF_LRA/DTP-Scheduling/constraints-tempo-width-40.smt2,5.76
./QF_LRA/LassoRanker/Ultimate/Gcd_havoc.bpl_Iteration1_Lasso_3-pieceTemplate.smt2,16.33
./QF_LRA/DTP-Scheduling/constraints-temporal-machine-shop-2-3-A10.smt2,0.10
./QF_LRA/meti-tarski/sin/problem/7/sin-problem-7-chunk-0024.smt2,0.02
./QF_LRA/sal/windowreal/windowreal-safe-4.smt2,0.12
./QF_LRA/LassoRanker/CooperatingT2/bsort100.t2.c_Iteration13_Loop_4-pieceTemplate.smt2,30.42
./QF_LRA/miplib/opt1217--17.smt2,8.11
./QF_LRA/uart/uart-27.induction.cvc.smt2,1.71
./QF_LRA/sc/sc-35.induction2.cvc.smt2,1.84
./QF_LRA/DTP-Scheduling/constraints-tms-2-3-light-09.smt2,0.06
./QF_LRA/sc/sc-21.induction.cvc.smt2,0.48
./QF_LRA/2019-ezsmt/Labyrinth/SCC_Strong/0165-labyrinth-13-0.smt2,297.04
./QF_LRA/sc/sc-6.induction2.cvc.smt2,0.12
./QF_LRA/LassoRanker/CooperatingT2/magic.t2.c_Iteration12_Loop_4-pieceTemplate.smt2,300
./QF_LRA/LassoRanker/CooperatingT2/firewire.t2.c_Iteration1_Lasso_6-nestedTemplate.smt2,300
./QF_LRA/meti-tarski/sin/problem/7/weak/sin-problem-7-weak-chunk-0005.smt2,0.01
./QF_LRA/meti-tarski/atan/problem/2/weak2/atan-problem-2-weak2-chunk-0129.smt2,0.01
./QF_LRA/LassoRanker/CooperatingT2/sas2.t2.c_Iteration3_Lasso_3-pieceTemplate.smt2,300
./QF_LRA/LassoRanker/CooperatingT2/hongyi1.t2.c_Iteration1_Loop_2-pieceTemplate.smt2,300
./QF_LRA/2019-ezsmt/Labyrinth/SCC_Strong/0092-labyrinth-17-0.smt2,300
./QF_LRA/LassoRanker/Ultimate/simple-scaled200.bpl_Iteration1_Lasso_4-phaseTemplate.smt2,300
./QF_LRA/LassoRanker/Ultimate/SyntaxSupportDivision1.bpl_Iteration1_Lasso_3-pieceTemplate.smt2,300
./QF_LRA/2019-ezsmt/blending/17.smt2,0.17
./QF_LRA/DTP-Scheduling/constraints-cooking07.smt2,0.04
./QF_LRA/meti-tarski/polypaver/bench-exp-3d/polypaver-bench-exp-3d-chunk-0038.smt2,0.01
./QF_LRA/LassoRanker/CooperatingT2/ndes.t2.c_Iteration2_Loop_4-pieceTemplate.smt2,300
./QF_LRA/LassoRanker/CooperatingT2/elmhes.t2.c_Iteration5_Loop_4-pieceTemplate.smt2,300
./QF_LRA/meti-tarski/Chua/2/IL/L/Chua-2-IL-L-chunk-0035.smt2,0.01
./QF_LRA/meti-tarski/bottom-plate-mixer/bottom-plate-mixer-chunk-0005.smt2,0.01
./QF_LRA/meti-tarski/atan/problem/1/atan-problem-1-chunk-0031.smt2,0.01
./QF_LRA/LassoRanker/CooperatingT2/disj_nightmare.t2.c_Iteration1_Loop_3-pieceTemplate.smt2,300
./QF_LRA/LassoRanker/Ultimate/simple-scaled100.bpl_Iteration1_Lasso_6-phaseTemplate.smt2,300
./QF_LRA/tta_startup/simple_startup_6nodes.bug.induct.smt2,0.69
./QF_LRA/meti-tarski/Chua/1/VC2/U/Chua-1-VC2-U-chunk-0023.smt2,0.01
./QF_LRA/2019-ezsmt/Labyrinth/SCC_Strong/0110-labyrinth-16-0.smt2,300
./QF_LRA/meti-tarski/sin/problem/7/sin-problem-7-chunk-0065.smt2,0.02
./QF_LRA/LassoRanker/Ultimate/yPositive-SIscaled50.bpl_Iteration1_Loop_7-phaseTemplate.smt2,116.59
./QF_LRA/LassoRanker/CooperatingT2/firewire.t2.c_Iteration3_Loop_7-phaseTemplate.smt2,300
./QF_LRA/LassoRanker/SV-COMP/aviad_true-termination.c_Iteration1_Loop_3-nestedTemplate.smt2,300
./QF_LRA/meti-tarski/sqrt/1mcosq/7/sqrt-1mcosq-7-chunk-0012.smt2,0.02
./QF_LRA/LassoRanker/Ultimate/simple-scaled250.bpl_Iteration1_Lasso_5-phaseTemplate.smt2,300
./QF_LRA/meti-tarski/Chua/1/VC2/U/Chua-1-VC2-U-chunk-0128.smt2,0.02
./QF_LRA/tta_startup/simple_startup_10nodes.missing.induct.smt2,1.78
./QF_LRA/LassoRanker/CooperatingT2/elmhes.t2.c_Iteration5_Loop_7-phaseTemplate.smt2,300
./QF_LRA/meti-tarski/cbrt/3/cbrt-problem-3-chunk-0039.smt2,0.01
./QF_LRA/DTP-Scheduling/constraints-tempo-matrix4x4.pddl.smt2,0.26
./QF_LRA/LassoRanker/SV-COMP/aviad_true-termination.c_Iteration1_Loop_4-phaseTemplate.smt2,300
./QF_LRA/sc/sc-22.induction3.cvc.smt2,0.72
./QF_LRA/meti-tarski/sin/problem/8/weak/sin-problem-8-weak-chunk-0030.smt2,0.01
./QF_LRA/2019-ezsmt/Labyrinth/SCC_Strong/0150-labyrinth-16-0.smt2,300
./QF_LRA/meti-tarski/sin/problem/7/weak/sin-problem-7-weak-chunk-0064.smt2,0.01
./QF_LRA/meti-tarski/cbrt/3/weak/cbrt-problem-3-weak-chunk-0046.smt2,0.01
./QF_LRA/meti-tarski/sin/problem/7/weak2/sin-problem-7-weak2-chunk-0028.smt2,0.01
./QF_LRA/meti-tarski/polypaver/bench-exp-3d/polypaver-bench-exp-3d-chunk-0017.smt2,0.01
./QF_LRA/LassoRanker/CooperatingT2/ludcmp.c.i.ludcmp.pl.t2.fixed.t2.c_Iteration9_Loop_7-phaseTemplate.smt2,300
./QF_LRA/sc/sc-33.induction.cvc.smt2,1.27
./QF_LRA/LassoRanker/SV-COMP/min_rf_true-termination.c_Iteration1_Loop_3-pieceTemplate.smt2,237.95
./QF_LRA/DTP-Scheduling/constraints-tempo-depth-9.smt2,0.07
./QF_LRA/meti-tarski/bottom-plate-mixer/bottom-plate-mixer-chunk-0035.smt2,0.01
./QF_LRA/LassoRanker/CooperatingT2/ludcmp.t2.c_Iteration9_Loop_7-phaseTemplate.smt2,300
./QF_LRA/meti-tarski/sqrt/problem/12vars3/sqrt-problem-12vars3-chunk-0018.smt2,0.02
./QF_LRA/LassoRanker/SV-COMP/aviad_true-termination.c_Iteration1_Loop_5-nestedTemplate.smt2,300
./QF_LRA/meti-tarski/polypaver/bench-exp-3d/polypaver-bench-exp-3d-chunk-0036.smt2,0.02
./QF_LRA/meti-tarski/Chua/1/IL/U/Chua-1-IL-U-chunk-0056.smt2,0.01
./QF_LRA/uart/uart-21.induction.cvc.smt2,1.31
./QF_LRA/sc/sc-30.induction3.cvc.smt2,1.21
./QF_LRA/meti-tarski/sin/problem/8/sin-problem-8-chunk-0030.smt2,0.01
./QF_LRA/meti-tarski/sin/problem/7/weak/sin-problem-7-weak-chunk-0026.smt2,0.01
./QF_LRA/tta_startup/simple_startup_3nodes.bug.induct.smt2,0.25
./QF_LRA/LassoRanker/Ultimate/simple-scaled100.bpl_Iteration1_Lasso_5-phaseTemplate.smt2,300
./QF_LRA/meti-tarski/Chua/1/VC1/L/Chua-1-VC1-L-chunk-0128.smt2,0.01
./QF_LRA/miplib/pk1-0.smt2,1.79
./QF_LRA/meti-tarski/sin/problem/7/sin-problem-7-chunk-0011.smt2,0.02
./QF_LRA/meti-tarski/sin/problem/7/weak/sin-problem-7-weak-chunk-0052.smt2,0.01
./QF_LRA/LassoRanker/Ultimate/simple-scaled100.bpl_Iteration1_Lasso_7-phaseTemplate.smt2,300
./QF_LRA/sc/sc-26.induction2.cvc.smt2,1.00
./QF_LRA/meti-tarski/sin/problem/7/weak/sin-problem-7-weak-chunk-0099.smt2,0.02
./QF_LRA/LassoRanker/CooperatingT2/sumit.t2.c_Iteration2_Loop_5-phaseTemplate.smt2,300
./QF_LRA/2019-ezsmt/blending/14.smt2,0.18
./QF_LRA/LassoRanker/CooperatingT2/firewire.t2.c_Iteration1_Lasso_2-pieceTemplate.smt2,300
./QF_LRA/LassoRanker/Ultimate/simple-scaled250.bpl_Iteration1_Lasso_6-nestedTemplate.smt2,300
./QF_LRA/LassoRanker/Ultimate/TelAviv-AmirMinimum.bpl_Iteration1_Loop_3-pieceTemplate.smt2,300
./QF_LRA/DTP-Scheduling/constraints-tempo-depth-10.smt2,0.08
./QF_LRA/uart/uart-15.induction.cvc.smt2,0.75
./QF_LRA/miplib/fixnet-3000.smt2,6.30
./QF_LRA/latendresse/ecoliFBAyicesTest-750.smt2,5.53
./QF_LRA/meti-tarski/sin/problem/7/weak2/sin-problem-7-weak2-chunk-0009.smt2,0.01
./QF_LRA/2019-ezsmt/travellingSalesperson/tsp_rand_70_300_1155482584_14.lp.smt2,1.96
./QF_LRA/DTP-Scheduling/constraints-tms-2-3-light-80.smt2,3.89
./QF_LRA/meti-tarski/sin/problem/7/weak/sin-problem-7-weak-chunk-0047.smt2,0.01
./QF_LRA/latendresse/ecoliFBAyicesTest-3875-4.smt2,4.97
./QF_LRA/meti-tarski/Chua/1/IL/L/Chua-1-IL-L-chunk-0057.smt2,0.01
./QF_LRA/sal/windowreal/windowreal-safe2-3.smt2,0.09
./QF_LRA/LassoRanker/CooperatingT2/sas2.t2.c_Iteration5_Lasso_6-phaseTemplate.smt2,300
./QF_LRA/meti-tarski/sin/problem/7/weak/sin-problem-7-weak-chunk-0082.smt2,0.01
./QF_LRA/sc/sc-17.induction.cvc.smt2,0.43
./QF_LRA/2019-ezsmt/blending/3.smt2,0.15
./QF_LRA/LassoRanker/CooperatingT2/hongyi1.t2.c_Iteration9_Loop_7-phaseTemplate.smt2,300
./QF_LRA/meti-tarski/sin/344/3/sin-344-3-chunk-0012.smt2,0.01
./QF_LRA/meti-tarski/atan/problem/2/weak2/atan-problem-2-weak2-chunk-0060.smt2,0.01
./QF_LRA/DTP-Scheduling/constraints-temporal-machine-shop-2-3-A05.smt2,0.04
./QF_LRA/LassoRanker/CooperatingT2/brp_withassume.t2.c_Iteration1_Loop_4-pieceTemplate.smt2,300
./QF_LRA/tta_startup/simple_startup_11nodes.bug.induct.smt2,2.68
./QF_LRA/sc/sc-39.induction2.cvc.smt2,2.50
./QF_LRA/meti-tarski/sin/problem/7/weak2/sin-problem-7-weak2-chunk-0008.smt2,0.02
./QF_LRA/2019-ezsmt/travellingSalesperson/tsp_rand_70_300_1155482584_4.lp.smt2,1.33
./QF_LRA/2019-ezsmt/routingMin/SCC_strong/d70.3.smt2,0.09
./QF_LRA/meti-tarski/polypaver/bench-exp-3d/polypaver-bench-exp-3d-chunk-0098.smt2,0.02
./QF_LRA/meti-tarski/Chua/1/VC1/U/Chua-1-VC1-U-chunk-0071.smt2,0.02
./QF_LRA/DTP-Scheduling/constraints-tempo-depth-3.smt2,0.03
./QF_LRA/meti-tarski/Chua/1/VC1/L/Chua-1-VC1-L-chunk-0010.smt2,0.02
./QF_LRA/2019-ezsmt/Labyrinth/SCC_Strong/0198-labyrinth-19-0.smt2,300
./QF_LRA/2019-ezsmt/travellingSalesperson/rand_80_340_1159656267_11.lp.smt2,1.65
./QF_LRA/uart/uart-25.induction.cvc.smt2,1.52
./QF_LRA/DTP-Scheduling/constraints-temporal-machine-shop-2-3-A80.smt2,6.92
./QF_LRA/2019-ezsmt/travellingSalesperson/tsp_rand_70_300_1155482584_11.lp.smt2,1.27
./QF_LRA/DTP-Scheduling/constraints-temporal-machine-shop-2-3-A70.smt2,4.85
./QF_LRA/DTP-Scheduling/constraints-tempo-width-5.smt2,0.06
./QF_LRA/LassoRanker/SV-COMP/BradleyMannaSipma-2005CAV-Fig1_true-termination.c_Iteration1_Lasso_4-pieceTemplate.smt2,300
./QF_LRA/2017-Heizmann-UltimateInvariantSynthesis/_standard_two_index_06.i_3_2_2.bpl_11.smt2,0.75
./QF_LRA/tropical-matrix/constraint-223827.smt2,7.86
./QF_LRA/meti-tarski/atan/problem/2/weak2/atan-problem-2-weak2-chunk-0081.smt2,0.01
./QF_LRA/sc/sc-32.induction2.cvc.smt2,1.63
./QF_LRA/meti-tarski/polypaver/bench-exp-3d/polypaver-bench-exp-3d-chunk-0054.smt2,0.01
./QF_LRA/DTP-Scheduling/constraints-tms-2-3-light-08.smt2,0.06
./QF_LRA/meti-tarski/sin/problem/7/sin-problem-7-chunk-0006.smt2,0.01
./QF_LRA/2017-Heizmann-UltimateInvariantSynthesis/_standard_two_index_05.i_3_2_2.bpl_11.smt2,0.74
./QF_LRA/LassoRanker/SV-COMP/LeeJonesBen-Amram-2001POPL-Ex1_true-termination.c_Iteration1_Lasso_7-phaseTemplate.smt2,4.21
./QF_LRA/LassoRanker/CooperatingT2/ludcmp.t2.c_Iteration7_Loop_6-phaseTemplate.smt2,11.48
./QF_LRA/meti-tarski/polypaver/bench-exp-3d/polypaver-bench-exp-3d-chunk-0095.smt2,0.01
./QF_LRA/LassoRanker/Ultimate/SyntaxSupportDisjunction1.bpl_Iteration1_Loop_7-phaseTemplate.smt2,10.61
./QF_LRA/sc/sc-36.induction3.cvc.smt2,1.99
./QF_LRA/sc/sc-35.induction.cvc.smt2,1.31
./QF_LRA/meti-tarski/sin/problem/7/weak/sin-problem-7-weak-chunk-0009.smt2,0.01
./QF_LRA/meti-tarski/sin/problem/7/weak/sin-problem-7-weak-chunk-0107.smt2,0.01
./QF_LRA/LassoRanker/CooperatingT2/hongyi1.t2.c_Iteration1_Loop_7-phaseTemplate.smt2,300
./QF_LRA/uart/uart-13.induction.cvc.smt2,0.51
./QF_LRA/2019-ezsmt/Labyrinth/SCC_Strong/0175-labyrinth-15-0.smt2,300
./QF_LRA/LassoRanker/CooperatingT2/sas2.t2.c_Iteration1_Lasso_4-pieceTemplate.smt2,300
./QF_LRA/DTP-Scheduling/constraints-temporal-machine-shop-2-3-A04.smt2,0.04
./QF_LRA/meti-tarski/bottom-plate-mixer/bottom-plate-mixer-chunk-0013.smt2,0.02
./QF_LRA/LassoRanker/SV-COMP/TelAviv-Amir-Minimum_true-termination.c_Iteration1_Loop_3-pieceTemplate.smt2,300
./QF_LRA/meti-tarski/Chua/2/VC2/L/Chua-2-VC2-L-chunk-0048.smt2,0.01
./QF_LRA/meti-tarski/Arthan/1A/Arthan1A-chunk-0016.smt2,0.01
./QF_LRA/meti-tarski/sqrt/1mcosq/7/sqrt-1mcosq-7-chunk-0080.smt2,0.02
./QF_LRA/tta_startup/simple_startup_5nodes.bug.induct.smt2,0.48
./QF_LRA/DTP-Scheduling/constraints-cooking14.smt2,0.10
./QF_LRA/LassoRanker/SV-COMP/aviad_true-termination.c_Iteration1_Loop_3-lexTemplate.smt2,300
./QF_LRA/sc/sc-34.induction2.cvc.smt2,1.83
./QF_LRA/meti-tarski/sqrt/1mcosq/7/sqrt-1mcosq-7-chunk-0066.smt2,0.01
./QF_LRA/uart/uart-29.induction.cvc.smt2,3.15
./QF_LRA/DTP-Scheduling/constraints-tms-2-3-light-60.smt2,2.12
./QF_LRA/uart/uart-31.induction.cvc.smt2,2.15
./QF_LRA/meti-tarski/Chua/1/VC2/L/Chua-1-VC2-L-chunk-0069.smt2,0.02
./QF_LRA/TM/p7-zenonumeric_s6.smt2,22.79
./QF_LRA/LassoRanker/CooperatingT2/eric.t2.c_Iteration1_Lasso_2-pieceTemplate.smt2,17.71
./QF_LRA/sc/sc-8.induction3.cvc.smt2,0.16
./QF_LRA/meti-tarski/Chua/1/VC2/L/Chua-1-VC2-L-chunk-0006.smt2,0.01
./QF_LRA/miplib/pp08a-7349.smt2,1.17
./QF_LRA/tta_startup/simple_startup_9nodes.missing.induct.smt2,1.33
./QF_LRA/LassoRanker/Ultimate/simple-scaled200.bpl_Iteration1_Lasso_4-pieceTemplate.smt2,300
./QF_LRA/meti-tarski/sin/problem/7/weak2/sin-problem-7-weak2-chunk-0067.smt2,0.01
./QF_LRA/sc/sc-5.induction2.cvc.smt2,0.09
./QF_LRA/meti-tarski/Chua/1/VC2/L/Chua-1-VC2-L-chunk-0005.smt2,0.01
./QF_LRA/meti-tarski/sin/problem/7/sin-problem-7-chunk-0004.smt2,0.01
./QF_LRA/DTP-Scheduling/constraints-tempo-width-70.smt2,22.00
./QF_LRA/meti-tarski/atan/problem/2/weak2/atan-problem-2-weak2-chunk-0033.smt2,0.01
./QF_LRA/meti-tarski/cbrt/3/weak/cbrt-problem-3-weak-chunk-0065.smt2,0.01
./QF_LRA/LassoRanker/Ultimate/simple-scaled200.bpl_Iteration1_Lasso_3-lexTemplate.smt2,300
./QF_LRA/TM/p-1-bucket_s9.smt2,26.39
./QF_LRA/meti-tarski/sin/problem/7/weak2/sin-problem-7-weak2-chunk-0071.smt2,0.01
./QF_LRA/TM/p6-driverlogNumeric_s5.smt2,3.13
./QF_LRA/sc/sc-36.induction.cvc.smt2,1.36
./QF_LRA/LassoRanker/Ultimate/GulwaniResetBranchOnly.bpl_Iteration1_Lasso_7-phaseTemplate.smt2,4.39
./QF_LRA/meti-tarski/sin/problem/7/weak2/sin-problem-7-weak2-chunk-0042.smt2,0.01
./QF_LRA/meti-tarski/bottom-plate-mixer/bottom-plate-mixer-chunk-0012.smt2,0.01
./QF_LRA/meti-tarski/asin/8/vars4/asin-8-vars4-chunk-0023.smt2,0.01
./QF_LRA/LassoRanker/CooperatingT2/toeplz.c.i.toeplz.pl.t2.fixed.t2.c_Iteration2_Loop_4-pieceTemplate.smt2,300
./QF_LRA/2019-ezsmt/travellingSalesperson/tsp_rand_70_300_1155482584_8.lp.smt2,2.03
./QF_LRA/sc/sc-19.induction.cvc.smt2,0.49
./QF_LRA/tta_startup/simple_startup_14nodes.bug.induct.smt2,4.53
./QF_LRA/sc/sc-13.induction2.cvc.smt2,0.56
./QF_LRA/latendresse/ecoliMILPglycerolYices3-50000.smt2,7.10
./QF_LRA/meti-tarski/atan/problem/2/weak2/atan-problem-2-weak2-chunk-0116.smt2,0.02
./QF_LRA/meti-tarski/Chua/2/VC2/L/Chua-2-VC2-L-chunk-0031.smt2,0.01
./QF_LRA/2019-ezsmt/routingMin/SCC_strong/d80.3.smt2,0.09
./QF_LRA/DTP-Scheduling/constraints-cooking23.smt2,0.16
./QF_LRA/2019-ezsmt/routingMin/SCC_strong/d120.7.smt2,0.09
./QF_LRA/LassoRanker/CooperatingT2/hongyi1.t2.c_Iteration9_Loop_3-pieceTemplate.smt2,300
./QF_LRA/meti-tarski/polypaver/bench-exp-3d/polypaver-bench-exp-3d-chunk-0103.smt2,0.02
./QF_LRA/2019-ezsmt/blending/12.smt2,0.17
./QF_LRA/sc/sc-29.induction2.cvc.smt2,1.52
./QF_LRA/latendresse/ecoliFBAyicesTest-1875-2.smt2,5.53
./QF_LRA/DTP-Scheduling/constraints-tms-2-3-light-70.smt2,2.76
./QF_LRA/LassoRanker/CooperatingT2/matrixsqrt.t2.c_Iteration12_Loop_7-phaseTemplate.smt2,17.56
./QF_LRA/tta_startup/simple_startup_11nodes.missing.induct.smt2,2.09
./QF_LRA/LassoRanker/SV-COMP/BradleyMannaSipma-2005ICALP-Fig1_true-termination.c_Iteration1_Lasso_4-pieceTemplate.smt2,300
./QF_LRA/meti-tarski/Chua/1/IL/L/Chua-1-IL-L-chunk-0012.smt2,0.01
./QF_LRA/meti-tarski/sin/problem/7/weak2/sin-problem-7-weak2-chunk-0034.smt2,0.01
./QF_LRA/uart/uart-30.induction.cvc.smt2,2.01
./QF_LRA/tta_startup/simple_startup_8nodes.missing.induct.smt2,1.30
./QF_LRA/meti-tarski/sin/problem/7/weak2/sin-problem-7-weak2-chunk-0030.smt2,0.02
./QF_LRA/DTP-Scheduling/constraints-tms-2-3-light-03.smt2,0.02
./QF_LRA/LassoRanker/Ultimate/simple-scaled250.bpl_Iteration1_Lasso_4-nestedTemplate.smt2,300
./QF_LRA/TM/p6-zenonumeric_s9.smt2,54.84
./QF_LRA/DTP-Scheduling/constraints-tms-2-3-light-07.smt2,0.05
./QF_LRA/2019-ezsmt/blending/29.smt2,0.18
./QF_LRA/LassoRanker/CooperatingT2/dropbuf.t2.c_Iteration3_Loop_7-phaseTemplate.smt2,300
./QF_LRA/latendresse/ecoliMILPglycerolYices3-90000.smt2,7.41
./QF_LRA/LassoRanker/Ultimate/simple-scaled250.bpl_Iteration1_Lasso_3-phaseTemplate.smt2,300
./QF_LRA/meti-tarski/sqrt/1mcosq/8/sqrt-1mcosq-8-chunk-0716.smt2,0.02
./QF_LRA/LassoRanker/SV-COMP/BradleyMannaSipma-2005CAV-Fig1_true-termination.c_Iteration1_Lasso_3-pieceTemplate.smt2,300
./QF_LRA/LassoRanker/CooperatingT2/ludcmp.c.i.ludcmp.pl.t2.fixed.t2.c_Iteration9_Loop_5-phaseTemplate.smt2,69.61
./QF_LRA/meti-tarski/sin/344/3/sin-344-3-weak-chunk-0012.smt2,0.02
./QF_LRA/2019-ezsmt/Labyrinth/SCC_Strong/0075-labyrinth-13-0.smt2,217.66
./QF_LRA/LassoRanker/SV-COMP/LeeJonesBen-Amram-2001POPL-Ex5_true-termination.c_Iteration2_Lasso_6-phaseTemplate.smt2,61.55
./QF_LRA/LassoRanker/CooperatingT2/hongyi1.t2.c_Iteration9_Loop_4-phaseTemplate.smt2,300
./QF_LRA/sal/tgc/tgc_io-nosafe-7.smt2,0.20
./QF_LRA/latendresse/ecoliFBAyicesTest-63875-64.smt2,5.32
./QF_LRA/miplib/opt1217--27.smt2,8.03
./QF_LRA/LassoRanker/CooperatingT2/elmhes.t2.c_Iteration2_Loop_7-phaseTemplate.smt2,36.15
./QF_LRA/LassoRanker/CooperatingT2/eric.t2.c_Iteration1_Lasso_3-pieceTemplate.smt2,49.14
./QF_LRA/meti-tarski/Chua/2/IL/L/Chua-2-IL-L-chunk-0064.smt2,0.01
./QF_LRA/sc/sc-33.induction3.cvc.smt2,1.64
./QF_LRA/DTP-Scheduling/constraints-tms-2-3-light-04.smt2,0.03
./QF_LRA/meti-tarski/Chua/1/VC1/L/Chua-1-VC1-L-chunk-0142.smt2,0.01
./QF_LRA/2019-ezsmt/travellingSalesperson/tsp_rand_70_300_1155482584_9.lp.smt2,1.68
./QF_LRA/LassoRanker/Ultimate/bound-scaled200.bpl_Iteration1_Loop_4-pieceTemplate.smt2,147.83
./QF_LRA/LassoRanker/CooperatingT2/sas2.t2.c_Iteration5_Lasso_4-pieceTemplate.smt2,300
./QF_LRA/LassoRanker/CooperatingT2/brp_withassume.t2.c_Iteration1_Loop_3-pieceTemplate.smt2,300
./QF_LRA/meti-tarski/sin/cos/sin-cos-346-b-chunk-0008.smt2,0.01
./QF_LRA/meti-tarski/sin/problem/7/weak/sin-problem-7-weak-chunk-0092.smt2,0.02
./QF_LRA/uart/uart-14.induction.cvc.smt2,0.57
./QF_LRA/meti-tarski/sin/problem/7/weak/sin-problem-7-weak-chunk-0046.smt2,0.01
./QF_LRA/tta_startup/simple_startup_4nodes.missing.induct.smt2,0.34
./QF_LRA/LassoRanker/Ultimate/OpposedDisjuncts.bpl_Iteration1_Lasso_7-phaseTemplate.smt2,105.30
./QF_LRA/uart/uart-36.induction.cvc.smt2,2.95
./QF_LRA/TM/p-0-bucket_s13.smt2,3.35
./QF_LRA/meti-tarski/CMOS/CMOS-opamp-chunk-0005.smt2,0.01
./QF_LRA/DTP-Scheduling/constraints-tempo-width-30.smt2,2.77
./QF_LRA/LassoRanker/Ultimate/simple-scaled200.bpl_Iteration1_Lasso_7-nestedTemplate.smt2,300
./QF_LRA/meti-tarski/CMOS/CMOS-opamp-chunk-0008.smt2,0.01
./QF_LRA/meti-tarski/atan/problem/2/weak2/atan-problem-2-weak2-chunk-0121.smt2,0.01
./QF_LRA/meti-tarski/sin/problem/7/weak/sin-problem-7-weak-chunk-0043.smt2,0.01
./QF_LRA/miplib/fixnet-7000.smt2,6.82
./QF_LRA/meti-tarski/sqrt/1mcosq/7/sqrt-1mcosq-7-chunk-0006.smt2,0.01
./QF_LRA/uart/uart-34.induction.cvc.smt2,3.42
./QF_LRA/meti-tarski/Chua/1/VC2/U/Chua-1-VC2-U-chunk-0108.smt2,0.01
./QF_LRA/sc/sc-7.induction.cvc.smt2,0.11
./QF_LRA/meti-tarski/polypaver/bench-exp-3d/polypaver-bench-exp-3d-chunk-0022.smt2,0.01
./QF_LRA/meti-tarski/sqrt/1mcosq/7/sqrt-1mcosq-7-chunk-0058.smt2,0.01
./QF_LRA/meti-tarski/Chua/1/IL/L/Chua-1-IL-L-chunk-0108.smt2,0.01
./QF_LRA/2019-ezsmt/blending/2.smt2,0.18
./QF_LRA/2019-ezsmt/blending/18.smt2,0.21
./QF_LRA/meti-tarski/sin/problem/7/weak2/sin-problem-7-weak2-chunk-0016.smt2,0.02
./QF_LRA/LassoRanker/CooperatingT2/sas2.t2.c_Iteration6_Lasso_5-phaseTemplate.smt2,125.11
./QF_LRA/meti-tarski/bottom-plate-mixer/bottom-plate-mixer-chunk-0022.smt2,0.01
./QF_LRA/2019-ezsmt/travellingSalesperson/rand_70_300_1155482584_14.lp.smt2,1.39
./QF_LRA/meti-tarski/Chua/1/VC1/L/Chua-1-VC1-L-chunk-0042.smt2,0.01
./QF_LRA/meti-tarski/sin/problem/7/weak2/sin-problem-7-weak2-chunk-0035.smt2,0.01
./QF_LRA/DTP-Scheduling/constraints-tempo-matrix5x5.pddl.smt2,0.52
./QF_LRA/meti-tarski/Chua/1/VC1/L/Chua-1-VC1-L-chunk-0028.smt2,0.01
./QF_LRA/LassoRanker/CooperatingT2/fir.t2.c_Iteration4_Loop_6-phaseTemplate.smt2,130.25
./QF_LRA/meti-tarski/cbrt/3/weak/cbrt-problem-3-weak-chunk-0097.smt2,0.02
./QF_LRA/meti-tarski/polypaver/bench-exp-3d/polypaver-bench-exp-3d-chunk-0096.smt2,0.01
./QF_LRA/LassoRanker/CooperatingT2/p-43.t2.c_Iteration2_Loop_7-phaseTemplate.smt2,127.86
./QF_LRA/meti-tarski/polypaver/bench-exp-3d/polypaver-bench-exp-3d-chunk-0026.smt2,0.01
./QF_LRA/meti-tarski/Chua/1/VC2/L/Chua-1-VC2-L-chunk-0010.smt2,0.01
./QF_LRA/LassoRanker/Ultimate/Gcd_havoc.bpl_Iteration1_Lasso_4-pieceTemplate.smt2,67.10
./QF_LRA/2019-ezsmt/routingMin/SCC_strong/d130.1.smt2,0.10
./QF_LRA/meti-tarski/atan/problem/2/weak2/atan-problem-2-weak2-chunk-0031.smt2,0.03
./QF_LRA/LassoRanker/Ultimate/simple-scaled250.bpl_Iteration1_Lasso_4-phaseTemplate.smt2,300
./QF_LRA/sc/sc-16.induction2.cvc.smt2,0.76
./QF_LRA/LassoRanker/CooperatingT2/sumit.t2.c_Iteration1_Lasso_3-pieceTemplate.smt2,114.02
./QF_LRA/sc/sc-9.induction2.cvc.smt2,0.29
./QF_LRA/meti-tarski/sin/problem/7/weak2/sin-problem-7-weak2-chunk-0010.smt2,0.02
./QF_LRA/DTP-Scheduling/constraints-cooking10.smt2,0.07
./QF_LRA/meti-tarski/sqrt/1mcosq/7/sqrt-1mcosq-7-chunk-0122.smt2,0.01
./QF_LRA/meti-tarski/atan/problem/2/weak2/atan-problem-2-weak2-chunk-0035.smt2,0.01
./QF_LRA/LassoRanker/Ultimate/yPositive-SIscaled100.bpl_Iteration1_Loop_5-phaseTemplate.smt2,114.65
./QF_LRA/2019-ezsmt/Labyrinth/SCC_Strong/0051-labyrinth-12-0.smt2,139.98
./QF_LRA/miplib/vpm2-30.smt2,2.55
./QF_LRA/sc/sc-7.induction3.cvc.smt2,0.13
./QF_LRA/LassoRanker/Ultimate/CooperatingT2_consts1.bpl_Iteration1_Lasso_7-phaseTemplate.smt2,2.03
./QF_LRA/LassoRanker/CooperatingT2/ludcmp.c.i.ludcmp.pl.t2.fixed.t2.c_Iteration10_Loop_6-phaseTemplate.smt2,148.44
./QF_LRA/LassoRanker/Ultimate/yPositive-SIscaled50.bpl_Iteration1_Loop_6-phaseTemplate.smt2,49.83
./QF_LRA/sc/sc-17.induction2.cvc.smt2,0.54
./QF_LRA/2019-ezsmt/Labyrinth/SCC_Strong/0084-labyrinth-17-0.smt2,300
./QF_LRA/2017-Heizmann-UltimateInvariantSynthesis/_const1.i_3_6_2.bpl_11.smt2,0.81
./QF_LRA/uart/uart-28.induction.cvc.smt2,1.99
./QF_LRA/LassoRanker/SV-COMP/BradleyMannaSipma-2005CAV-Fig1_true-termination.c_Iteration1_Lasso_5-phaseTemplate.smt2,97.27
./QF_LRA/meti-tarski/sin/problem/7/weak/sin-problem-7-weak-chunk-0029.smt2,0.02
./QF_LRA/LassoRanker/CooperatingT2/sas2.t2.c_Iteration5_Lasso_4-lexTemplate.smt2,177.83
./QF_LRA/latendresse/ecoliMILPglycerolYices3-80000.smt2,6.21
./QF_LRA/LassoRanker/SV-COMP/CookSeeZuleger-2013TACAS-Fig7b_true-termination.c_Iteration1_Loop_3-nestedTemplate.smt2,300
./QF_LRA/meti-tarski/Chua/1/IL/U/Chua-1-IL-U-chunk-0069.smt2,0.01
./QF_LRA/LassoRanker/CooperatingT2/byron-2.t2.c_Iteration2_Loop_4-pieceTemplate.smt2,189.19
./QF_LRA/LassoRanker/CooperatingT2/p-43.t2.c_Iteration4_Loop_7-phaseTemplate.smt2,182.72
./QF_LRA/LassoRanker/Ultimate/NoriSharma-2013FSE-Fig7.bpl_Iteration1_Loop_7-phaseTemplate.smt2,7.32
./QF_LRA/sc/sc-19.induction3.cvc.smt2,0.56
./QF_LRA/2017-Heizmann-UltimateInvariantSynthesis/_array_single_elem_init.i_4_2_2.bpl_7.smt2,1.63
./QF_LRA/meti-tarski/polypaver/bench-exp-3d/polypaver-bench-exp-3d-chunk-0051.smt2,0.01
./QF_LRA/meti-tarski/Chua/1/VC1/L/Chua-1-VC1-L-chunk-0023.smt2,0.01
./QF_LRA/LassoRanker/CooperatingT2/ludcmp.c.i.ludcmp.pl.t2.fixed.t2.c_Iteration10_Loop_4-pieceTemplate.smt2,300
./QF_LRA/LassoRanker/CooperatingT2/p-55.t2.c_Iteration2_Loop_7-phaseTemplate.smt2,85.65
./QF_LRA/DTP-Scheduling/constraints-tempo-depth-6.smt2,0.04
./QF_LRA/tropical-matrix/constraint-413064.smt2,29.65
./QF_LRA/meti-tarski/polypaver/bench-exp-3d/polypaver-bench-exp-3d-chunk-0056.smt2,0.01
./QF_LRA/meti-tarski/polypaver/bench-exp-3d/polypaver-bench-exp-3d-chunk-0020.smt2,0.01
./QF_LRA/DTP-Scheduling/constraints-tempo-depth-150.smt2,2.84
./QF_LRA/LassoRanker/Ultimate/GcdNew.bpl_Iteration1_Lasso_4-pieceTemplate.smt2,300
./QF_LRA/DTP-Scheduling/constraints-temporal-machine-shop-2-3-A06.smt2,0.06
./QF_LRA/2017-Heizmann-UltimateInvariantSynthesis/_simple1.i_3_6_2.bpl_11.smt2,0.44
./QF_LRA/LassoRanker/CooperatingT2/p-43.t2.c_Iteration2_Loop_4-pieceTemplate.smt2,211.28
./QF_LRA/LassoRanker/Ultimate/yPositive-SIscaled75.bpl_Iteration1_Loop_6-phaseTemplate.smt2,109.05
./QF_LRA/LassoRanker/CooperatingT2/sort.t2.c_Iteration5_Loop_7-phaseTemplate.smt2,27.49
./QF_LRA/LassoRanker/CooperatingT2/p-55.t2.c_Iteration3_Loop_4-pieceTemplate.smt2,132.99
./QF_LRA/LassoRanker/CooperatingT2/broydn.c.i.broydn.pl.t2.fixed.t2.c_Iteration8_Loop_7-phaseTemplate.smt2,23.00
./QF_LRA/LassoRanker/CooperatingT2/magic.t2.c_Iteration23_Loop_7-phaseTemplate.smt2,59.46
./QF_LRA/meti-tarski/atan/problem/2/weak2/atan-problem-2-weak2-chunk-0127.smt2,0.01
./QF_LRA/meti-tarski/sqrt/1mcosq/7/sqrt-1mcosq-7-chunk-0107.smt2,0.01
./QF_LRA/DTP-Scheduling/constraints-tempo-width-10.smt2,0.25
./QF_LRA/LassoRanker/CooperatingT2/ex11.t2.c_Iteration1_Lasso_3-pieceTemplate.smt2,300
./QF_LRA/miplib/pp08a-10000.smt2,1.17
./QF_LRA/meti-tarski/sin/problem/7/sin-problem-7-chunk-0008.smt2,0.01
./QF_LRA/tta_startup/simple_startup_7nodes.missing.induct.smt2,0.97
./QF_LRA/sc/sc-37.induction3.cvc.smt2,1.82
./QF_LRA/DTP-Scheduling/constraints-tempo-width-3.smt2,0.04
./QF_LRA/DTP-Scheduling/constraints-cooking06.smt2,0.04
./QF_LRA/2019-ezsmt/blending/26.smt2,0.18
./QF_LRA/sc/sc-39.induction.cvc.smt2,1.41
./QF_LRA/uart/uart-18.induction.cvc.smt2,0.87
./QF_LRA/LassoRanker/Ultimate/bound-scaled200.bpl_Iteration1_Loop_7-phaseTemplate.smt2,270.86
./QF_LRA/2019-ezsmt/Labyrinth/SCC_Strong/0011-labyrinth-12-0.smt2,112.30
./QF_LRA/2017-Heizmann-UltimateInvariantSynthesis/_fragtest_simple.i_4_5_4.bpl_7.smt2,4.96
./QF_LRA/meti-tarski/sqrt/1mcosq/7/sqrt-1mcosq-7-chunk-0009.smt2,0.01
./QF_LRA/LassoRanker/Ultimate/simple-scaled200.bpl_Iteration1_Lasso_5-nestedTemplate.smt2,300
./QF_LRA/sc/sc-10.induction3.cvc.smt2,0.24
./QF_LRA/meti-tarski/cbrt/3/weak/cbrt-problem-3-weak-chunk-0100.smt2,0.02
./QF_LRA/meti-tarski/sqrt/1mcosq/7/sqrt-1mcosq-7-chunk-0069.smt2,0.02
./QF_LRA/TM/p-driverlogNumeric_s7.smt2,0.79
./QF_LRA/LassoRanker/CooperatingT2/sas2.t2.c_Iteration1_Lasso_7-phaseTemplate.smt2,280.32
./QF_LRA/miplib/danoint-166.smt2,2.97
./QF_LRA/LassoRanker/Ultimate/yPositive-SIscaled100.bpl_Iteration1_Loop_7-phaseTemplate.smt2,300
./QF_LRA/meti-tarski/sqrt/1mcosq/7/sqrt-1mcosq-7-chunk-0008.smt2,0.01
./QF_LRA/miplib/vpm2-13.75.smt2,2.22
./QF_LRA/TM/p2-zenonumeric_s6.smt2,0.98
./QF_LRA/2019-ezsmt/routingMin/SCC_strong/d50.9.smt2,0.09
./QF_LRA/2017-Heizmann-UltimateInvariantSynthesis/_hhk2008.c.i_3_3_2.bpl_8.smt2,0.50
./QF_LRA/2019-ezsmt/travellingSalesperson/dom_rand_70_300_1155482584_3.lp.smt2,2.01
./QF_LRA/meti-tarski/cbrt/3/cbrt-problem-3-chunk-0035.smt2,0.02
./QF_LRA/meti-tarski/sqrt/1mcosq/7/sqrt-1mcosq-7-chunk-0011.smt2,0.02
./QF_LRA/sc/sc-27.induction3.cvc.smt2,1.14
./QF_LRA/LassoRanker/Ultimate/simple-scaled200.bpl_Iteration1_Lasso_6-nestedTemplate.smt2,300
./QF_LRA/sc/sc-23.induction.cvc.smt2,1.29
./QF_LRA/2019-ezsmt/blending/24.smt2,0.17
./QF_LRA/2019-ezsmt/travellingSalesperson/rand_70_300_1155482584_7.lp.smt2,2.28
./QF_LRA/DTP-Scheduling/constraints-temporal-machine-shop-2-3-A07.smt2,0.06
./QF_LRA/LassoRanker/Ultimate/SyntaxSupportDivision1.bpl_Iteration1_Lasso_5-phaseTemplate.smt2,241.64
./QF_LRA/meti-tarski/atan/problem/2/weak2/atan-problem-2-weak2-chunk-0052.smt2,0.02
./QF_LRA/meti-tarski/sin/problem/8/weak/sin-problem-8-weak-chunk-0017.smt2,0.01
./QF_LRA/sc/sc-24.induction.cvc.smt2,0.62
./QF_LRA/meti-tarski/polypaver/bench-exp-3d/polypaver-bench-exp-3d-chunk-0034.smt2,0.02
./QF_LRA/DTP-Scheduling/constraints-tempo-matrix3x3.pddl.smt2,0.15
./QF_LRA/DTP-Scheduling/constraints-tempo-width-6.smt2,0.13
./QF_LRA/meti-tarski/sqrt/1mcosq/8/sqrt-1mcosq-8-chunk-0010.smt2,0.02
./QF_LRA/2017-Heizmann-UltimateInvariantSynthesis/_gj2007.c.i_4_3_3.bpl_11.smt2,2.23
./QF_LRA/meti-tarski/Chua/2/VC1/L/Chua-2-VC1-L-chunk-0087.smt2,0.01
./QF_LRA/meti-tarski/Chua/1/VC2/L/Chua-1-VC2-L-chunk-0013.smt2,0.01
./QF_LRA/2019-ezsmt/travellingSalesperson/tsp_rand_70_300_1155482584_7.lp.smt2,1.65
./QF_LRA/LassoRanker/Ultimate/simple-scaled200.bpl_Iteration1_Lasso_2-pieceTemplate.smt2,300
./QF_LRA/TM/p6-zenonumeric_s5.smt2,12.34
./QF_LRA/meti-tarski/Chua/1/IL/L/Chua-1-IL-L-chunk-0006.smt2,0.01
./QF_LRA/meti-tarski/sin/problem/7/sin-problem-7-chunk-0071.smt2,0.01
./QF_LRA/2019-ezsmt/Labyrinth/SCC_Strong/0100-labyrinth-17-0.smt2,300
./QF_LRA/LassoRanker/SV-COMP/KroeningSharyginaTsitovichWintersteiger-2010CAV-Fig1_true-termination.c_Iteration1_Lasso_4-pieceTemplate.smt2,300
./QF_LRA/meti-tarski/cbrt/3/weak/cbrt-problem-3-weak-chunk-0082.smt2,0.01
./QF_LRA/meti-tarski/cbrt/3/cbrt-problem-3-chunk-0057.smt2,0.01
./QF_LRA/LassoRanker/SV-COMP/aviad_true-termination.c_Iteration1_Loop_6-phaseTemplate.smt2,300
./QF_LRA/LassoRanker/CooperatingT2/hongyi1.t2.c_Iteration9_Loop_4-pieceTemplate.smt2,300
./QF_LRA/uart/uart-6.induction.cvc.smt2,0.18
./QF_LRA/LassoRanker/CooperatingT2/fun4.t2.c_Iteration1_Lasso_3-pieceTemplate.smt2,14.00
./QF_LRA/meti-tarski/polypaver/bench-exp-3d/polypaver-bench-exp-3d-chunk-0060.smt2,0.02
./QF_LRA/LassoRanker/Ultimate/bound-scaled400.bpl_Iteration1_Loop_4-pieceTemplate.smt2,300
./QF_LRA/meti-tarski/polypaver/bench-exp-3d/polypaver-bench-exp-3d-chunk-0114.smt2,0.01
./QF_LRA/meti-tarski/Chua/1/IL/L/Chua-1-IL-L-chunk-0023.smt2,0.01
./QF_LRA/LassoRanker/CooperatingT2/ndes.t2.c_Iteration2_Loop_7-phaseTemplate.smt2,300
./QF_LRA/2019-ezsmt/travellingSalesperson/tsp_rand_70_300_1155482584_0.lp.smt2,1.12
./QF_LRA/LassoRanker/CooperatingT2/disj_nightmare.t2.c_Iteration2_Loop_4-pieceTemplate.smt2,300
./QF_LRA/2019-ezsmt/travellingSalesperson/rand_80_340_1159656267_10.lp.smt2,2.33
./QF_LRA/LassoRanker/Ultimate/SyntaxSupportDivision1.bpl_Iteration1_Lasso_7-phaseTemplate.smt2,300
./QF_LRA/sc/sc-11.induction.cvc.smt2,0.20
./QF_LRA/meti-tarski/sqrt/1mcosq/7/sqrt-1mcosq-7-chunk-0106.smt2,0.02
./QF_LRA/meti-tarski/sin/problem/7/weak/sin-problem-7-weak-chunk-0034.smt2,0.02
./QF_LRA/LassoRanker/Ultimate/Damaskus.bpl_Iteration1_Lasso_7-phaseTemplate.smt2,2.83
./QF_LRA/2019-ezsmt/blending/20.smt2,0.19
./QF_LRA/miplib/pp08a-7350.smt2,1.13
./QF_LRA/sc/sc-33.induction2.cvc.smt2,1.62
./QF_LRA/miplib/pp08a-11000.smt2,1.03
./QF_LRA/LassoRanker/Ultimate/OpposedDisjuncts.bpl_Iteration1_Lasso_4-pieceTemplate.smt2,300
./QF_LRA/LassoRanker/CooperatingT2/toeplz.c.i.toeplz.pl.t2.fixed.t2.c_Iteration2_Loop_7-phaseTemplate.smt2,300
./QF_LRA/meti-tarski/sin/problem/7/weak2/sin-problem-7-weak2-chunk-0020.smt2,0.02
./QF_LRA/tta_startup/simple_startup_3nodes.missing.induct.smt2,0.23
./QF_LRA/TM/p5-zenonumeric_s5.smt2,10.07
./QF_LRA/miplib/pk1-50.smt2,1.79
./QF_LRA/meti-tarski/cbrt/3/cbrt-problem-3-chunk-0045.smt2,0.02
./QF_LRA/LassoRanker/Ultimate/SyntaxSupportDivision1.bpl_Iteration1_Lasso_6-phaseTemplate.smt2,300
./QF_LRA/DTP-Scheduling/constraints-tempo-depth-20.smt2,0.17
./QF_LRA/meti-tarski/sin/problem/7/weak2/sin-problem-7-weak2-chunk-0005.smt2,0.01
./QF_LRA/miplib/danoint-65.smt2,2.82
./QF_LRA/meti-tarski/sin/problem/7/weak/sin-problem-7-weak-chunk-0037.smt2,0.01
./QF_LRA/sc/sc-13.induction3.cvc.smt2,0.33
./QF_LRA/uart/uart-11.induction.cvc.smt2,0.42
./QF_LRA/latendresse/ecoliFBAyicesTest-500.smt2,5.23
./QF_LRA/sc/sc-38.induction.cvc.smt2,1.50
./QF_LRA/LassoRanker/CooperatingT2/dropbuf.t2.c_Iteration3_Loop_4-pieceTemplate.smt2,300
./QF_LRA/LassoRanker/Ultimate/GcdNew.bpl_Iteration1_Lasso_3-pieceTemplate.smt2,300
./QF_LRA/meti-tarski/Chua/1/VC2/L/Chua-1-VC2-L-chunk-0012.smt2,0.01
./QF_LRA/meti-tarski/sqrt/1mcosq/7/sqrt-1mcosq-7-chunk-0100.smt2,0.01
./QF_LRA/2019-ezsmt/blending/19.smt2,0.18
./QF_LRA/LassoRanker/Ultimate/simple-scaled200.bpl_Iteration1_Lasso_3-pieceTemplate.smt2,300
./QF_LRA/sc/sc-37.induction2.cvc.smt2,1.90
./QF_LRA/LassoRanker/CooperatingT2/ndes.t2.c_Iteration3_Loop_4-pieceTemplate.smt2,300
./QF_LRA/meti-tarski/atan/problem/2/weak2/atan-problem-2-weak2-chunk-0084.smt2,0.02
./QF_LRA/LassoRanker/CooperatingT2/brp_withassume.t2.c_Iteration1_Loop_4-lexTemplate.smt2,300
./QF_LRA/meti-tarski/sin/problem/7/weak/sin-problem-7-weak-chunk-0070.smt2,0.02
./QF_LRA/LassoRanker/CooperatingT2/brp_withassume.t2.c_Iteration8_Loop_5-phaseTemplate.smt2,300
./QF_LRA/meti-tarski/Chua/1/VC1/U/Chua-1-VC1-U-chunk-0037.smt2,0.01
./QF_LRA/LassoRanker/SV-COMP/GulwaniJainKoskinen-2009PLDI-Fig1_true-termination.c_Iteration1_Lasso_4-pieceTemplate.smt2,300
./QF_LRA/DTP-Scheduling/constraints-cooking17.smt2,0.10
./QF_LRA/meti-tarski/sqrt/1mcosq/7/sqrt-1mcosq-7-chunk-0059.smt2,0.01
./QF_LRA/uart/uart-20.induction.cvc.smt2,1.02
./QF_LRA/meti-tarski/sin/problem/7/sin-problem-7-chunk-0037.smt2,0.01
./QF_LRA/sc/sc-26.induction.cvc.smt2,0.79
./QF_LRA/meti-tarski/cbrt/3/weak/cbrt-problem-3-weak-chunk-0051.smt2,0.01
./QF_LRA/sal/carpark/Carpark2-t1-4.smt2,0.31
./QF_LRA/LassoRanker/CooperatingT2/disj_nightmare.t2.c_Iteration2_Loop_3-pieceTemplate.smt2,300
./QF_LRA/sc/sc-32.induction3.cvc.smt2,1.17
./QF_LRA/meti-tarski/sin/problem/7/weak/sin-problem-7-weak-chunk-0007.smt2,0.03
./QF_LRA/meti-tarski/sin/problem/7/weak2/sin-problem-7-weak2-chunk-0022.smt2,0.03
./QF_LRA/LassoRanker/CooperatingT2/elmhes.c.i.elmhes.pl.t2.nor.t2.rlgfixed.t2.c_Iteration5_Loop_7-phaseTemplate.smt2,300
./QF_LRA/meti-tarski/sqrt/1mcosq/7/sqrt-1mcosq-7-chunk-0004.smt2,0.02
./QF_LRA/tropical-matrix/constraint-330061.smt2,16.45
./QF_LRA/LassoRanker/CooperatingT2/sumit.t2.c_Iteration1_Lasso_4-pieceTemplate.smt2,268.77
./QF_LRA/2017-Heizmann-UltimateInvariantSynthesis/_standard_strcmp_ground.i_4_2_2.bpl_11.smt2,24.82
./QF_LRA/LassoRanker/CooperatingT2/fir.t2.c_Iteration4_Loop_7-phaseTemplate.smt2,282.33
./QF_LRA/LassoRanker/CooperatingT2/sas2.t2.c_Iteration3_Lasso_7-phaseTemplate.smt2,300
./QF_LRA/LassoRanker/CooperatingT2/ludcmp.c.i.ludcmp.pl.t2.fixed.t2.c_Iteration8_Loop_6-phaseTemplate.smt2,14.35
./QF_LRA/sc/sc-40.induction2.cvc.smt2,2.34
./QF_LRA/LassoRanker/CooperatingT2/ludcmp.t2.c_Iteration8_Loop_6-phaseTemplate.smt2,159.47
./QF_LRA/LassoRanker/CooperatingT2/matrixsqrt.t2.c_Iteration12_Loop_4-pieceTemplate.smt2,21.16
./QF_LRA/latendresse/shewanella-compact2b.smt2,2.42
./QF_LRA/LassoRanker/CooperatingT2/ludcmp.c.i.ludcmp.pl.t2.fixed.t2.c_Iteration8_Loop_7-phaseTemplate.smt2,27.01
./QF_LRA/meti-tarski/Chua/1/VC1/L/Chua-1-VC1-L-chunk-0109.smt2,0.01
./QF_LRA/TM/p-DepotsNum_s8.msat.smt2,9.92
./QF_LRA/TM/p2-driverlogNumeric_s10.smt2,10.60
./QF_LRA/meti-tarski/Chua/1/VC1/L/Chua-1-VC1-L-chunk-0008.smt2,0.02
./QF_LRA/2019-ezsmt/Labyrinth/SCC_Strong/0018-labyrinth-11-0.smt2,70.15
./QF_LRA/DTP-Scheduling/constraints-tempo-depth-8.smt2,0.06
./QF_LRA/LassoRanker/CooperatingT2/ludcmp.c.i.ludcmp.pl.t2.fixed.t2.c_Iteration10_Loop_7-phaseTemplate.smt2,300
./QF_LRA/meti-tarski/Chua/2/VC1/L/Chua-2-VC1-L-chunk-0046.smt2,0.02
./QF_LRA/meti-tarski/sin/problem/7/weak2/sin-problem-7-weak2-chunk-0090.smt2,0.02
./QF_LRA/LassoRanker/CooperatingT2/hongyi1.t2.c_Iteration1_Loop_3-pieceTemplate.smt2,300
./QF_LRA/2019-ezsmt/routingMin/SCC_strong/d90.7.smt2,0.09
./QF_LRA/meti-tarski/polypaver/bench-exp-3d/polypaver-bench-exp-3d-chunk-0021.smt2,0.01
./QF_LRA/meti-tarski/sqrt/1mcosq/7/sqrt-1mcosq-7-chunk-0098.smt2,0.02
./QF_LRA/meti-tarski/cbrt/3/cbrt-problem-3-chunk-0073.smt2,0.02
./QF_LRA/uart/uart-24.induction.cvc.smt2,1.54
./QF_LRA/tropical-matrix/constraint-436218.smt2,43.50
./QF_LRA/LassoRanker/Ultimate/yPositive-SIscaled75.bpl_Iteration1_Loop_4-phaseTemplate.smt2,34.93
./QF_LRA/latendresse/ecoliFBAyicesTest-875.smt2,7.39
./QF_LRA/meti-tarski/cbrt/3/cbrt-problem-3-chunk-0043.smt2,0.01
./QF_LRA/sc/sc-8.induction.cvc.smt2,0.13
./QF_LRA/LassoRanker/CooperatingT2/bubbleSort.t2.c_Iteration3_Loop_4-pieceTemplate.smt2,35.96
./QF_LRA/2019-ezsmt/blending/7.smt2,0.16
./QF_LRA/2019-ezsmt/blending/21.smt2,0.15
./QF_LRA/tropical-matrix/constraint-199552.smt2,7.12
./QF_LRA/2019-ezsmt/travellingSalesperson/rand_70_300_1155482584_12.lp.smt2,1.64
./QF_LRA/meti-tarski/Chua/1/VC1/U/Chua-1-VC1-U-chunk-0045.smt2,0.01
./QF_LRA/meti-tarski/sin/problem/7/weak/sin-problem-7-weak-chunk-0020.smt2,0.02
./QF_LRA/meti-tarski/sin/problem/7/sin-problem-7-chunk-0036.smt2,0.02
./QF_LRA/meti-tarski/Chua/1/VC1/L/Chua-1-VC1-L-chunk-0011.smt2,0.02
./QF_LRA/LassoRanker/CooperatingT2/firewire.t2.c_Iteration1_Lasso_3-lexTemplate.smt2,300
./QF_LRA/2019-ezsmt/travellingSalesperson/rand_80_340_1159656267_17.lp.smt2,3.63
./QF_LRA/LassoRanker/Ultimate/MenloPark.bpl_Iteration1_Lasso_4-pieceTemplate.smt2,2.13
./QF_LRA/meti-tarski/sqrt/1mcosq/7/sqrt-1mcosq-7-chunk-0105.smt2,0.01
./QF_LRA/DTP-Scheduling/constraints-cooking13.smt2,0.07
./QF_LRA/check/bignum_lra1.smt2,0.02
./QF_LRA/LassoRanker/Ultimate/Damaskus.bpl_Iteration1_Lasso_6-phaseTemplate.smt2,1.26
./QF_LRA/LassoRanker/CooperatingT2/sas2.t2.c_Iteration1_Lasso_6-phaseTemplate.smt2,155.18
./QF_LRA/DTP-Scheduling/constraints-tempo-width-8.smt2,0.17
./QF_LRA/meti-tarski/polypaver/bench-exp-3d/polypaver-bench-exp-3d-chunk-0037.smt2,0.02
./QF_LRA/LassoRanker/Ultimate/Gcd_havoc.bpl_Iteration1_Lasso_7-phaseTemplate.smt2,25.58
./QF_LRA/meti-tarski/polypaver/bench-exp-3d/polypaver-bench-exp-3d-chunk-0042.smt2,0.02
./QF_LRA/LassoRanker/CooperatingT2/wrong_loop.t2.c_Iteration2_Loop_4-pieceTemplate.smt2,17.34
./QF_LRA/tta_startup/simple_startup_5nodes.missing.induct.smt2,0.49
./QF_LRA/DTP-Scheduling/constraints-tempo-depth-5.smt2,0.04
./QF_LRA/sc/sc-14.induction2.cvc.smt2,0.38
./QF_LRA/DTP-Scheduling/constraints-tempo-depth-2.smt2,0.02
./QF_LRA/uart/uart-40.induction.cvc.smt2,3.42
./QF_LRA/latendresse/ecoliMILPglycerolYices3-100000.smt2,11.92
./QF_LRA/LassoRanker/CooperatingT2/sas2.t2.c_Iteration6_Lasso_7-phaseTemplate.smt2,300
./QF_LRA/meti-tarski/Chua/1/VC2/U/Chua-1-VC2-U-chunk-0142.smt2,0.02
./QF_LRA/LassoRanker/Ultimate/simple-scaled250.bpl_Iteration1_Lasso_7-nestedTemplate.smt2,300
./QF_LRA/uart/uart-38.induction.cvc.smt2,3.50
./QF_LRA/meti-tarski/bottom-plate-mixer/bottom-plate-mixer-chunk-0053.smt2,0.01
./QF_LRA/sc/sc-31.induction2.cvc.smt2,1.45
./QF_LRA/sc/sc-32.induction.cvc.smt2,1.59
./QF_LRA/sc/sc-8.induction2.cvc.smt2,0.19
./QF_LRA/sal/windowreal/windowreal-safe2-4.smt2,0.13
./QF_LRA/uart/uart-22.induction.cvc.smt2,1.09
./QF_LRA/meti-tarski/Chua/1/VC2/L/Chua-1-VC2-L-chunk-0011.smt2,0.03
./QF_LRA/LassoRanker/SV-COMP/aviad_true-termination.c_Iteration1_Loop_4-nestedTemplate.smt2,300
./QF_LRA/LassoRanker/CooperatingT2/hongyi1.t2.c_Iteration9_Loop_6-phaseTemplate.smt2,300
./QF_LRA/LassoRanker/CooperatingT2/hongyi1.t2.c_Iteration9_Loop_5-phaseTemplate.smt2,300
./QF_LRA/tta_startup/simple_startup_7nodes.bug.induct.smt2,0.93
./QF_LRA/meti-tarski/polypaver/bench-exp-3d/polypaver-bench-exp-3d-chunk-0041.smt2,0.02
./QF_LRA/LassoRanker/CooperatingT2/elmhes.c.i.elmhes.pl.t2.fixed.t2.c_Iteration4_Loop_4-pieceTemplate.smt2,63.97
./QF_LRA/sc/sc-20.induction.cvc.smt2,0.53
./QF_LRA/meti-tarski/sin/problem/7/sin-problem-7-chunk-0019.smt2,0.02
./QF_LRA/LassoRanker/CooperatingT2/toeplz.t2.c_Iteration2_Loop_7-phaseTemplate.smt2,300
./QF_LRA/2019-ezsmt/blending/28.smt2,0.17
./QF_LRA/meti-tarski/polypaver/bench-exp-3d/polypaver-bench-exp-3d-chunk-0045.smt2,0.01
./QF_LRA/DTP-Scheduling/constraints-cooking21.smt2,0.14
./QF_LRA/meti-tarski/sin/problem/7/sin-problem-7-chunk-0009.smt2,0.01
./QF_LRA/meti-tarski/sin/problem/8/weak/sin-problem-8-weak-chunk-0011.smt2,0.01
./QF_LRA/latendresse/ecoliFBAyicesTest-15875-16.smt2,4.93
./QF_LRA/sc/sc-11.induction2.cvc.smt2,0.26
./QF_LRA/LassoRanker/CooperatingT2/elmhes.c.i.elmhes.pl.t2.fixed.t2.c_Iteration4_Loop_7-phaseTemplate.smt2,32.74
./QF_LRA/meti-tarski/Chua/2/VC2/L/Chua-2-VC2-L-chunk-0026.smt2,0.01
./QF_LRA/sc/sc-35.induction3.cvc.smt2,1.62
./QF_LRA/meti-tarski/sin/problem/7/weak2/sin-problem-7-weak2-chunk-0013.smt2,0.02
./QF_LRA/LassoRanker/CooperatingT2/loop3.t2.c_Iteration25_Lasso_4-pieceTemplate.smt2,4.96
./QF_LRA/meti-tarski/cbrt/3/cbrt-problem-3-chunk-0036.smt2,0.01
./QF_LRA/LassoRanker/CooperatingT2/firewire.t2.c_Iteration1_Lasso_7-phaseTemplate.smt2,300
./QF_LRA/sc/sc-29.induction3.cvc.smt2,1.03
./QF_LRA/uart/uart-37.induction.cvc.smt2,3.12
./QF_LRA/LassoRanker/SV-COMP/aviad_true-termination.c_Iteration1_Loop_2-lexTemplate.smt2,300
./QF_LRA/meti-tarski/sin/problem/7/weak/sin-problem-7-weak-chunk-0050.smt2,0.02
./QF_LRA/meti-tarski/Chua/2/IL/L/Chua-2-IL-L-chunk-0066.smt2,0.02
./QF_LRA/meti-tarski/sqrt/1mcosq/8/sqrt-1mcosq-8-chunk-0033.smt2,0.02
./QF_LRA/LassoRanker/Ultimate/TelAviv-AmirMinimum.bpl_Iteration1_Loop_4-pieceTemplate.smt2,300
./QF_LRA/TM/p5-driverlogNumeric_s8.smt2,18.93
./QF_LRA/meti-tarski/sin/problem/7/weak/sin-problem-7-weak-chunk-0055.smt2,0.02
./QF_LRA/uart/uart-16.induction.cvc.smt2,0.72
./QF_LRA/LassoRanker/SV-COMP/BradleyMannaSipma-2005CAV-Fig1_true-termination.c_Iteration1_Lasso_6-phaseTemplate.smt2,120.57
./QF_LRA/sc/sc-18.induction3.cvc.smt2,0.60
./QF_LRA/LassoRanker/CooperatingT2/sumit.t2.c_Iteration2_Loop_6-phaseTemplate.smt2,300
./QF_LRA/LassoRanker/SV-COMP/TelAviv-Amir-Minimum_true-termination.c_Iteration1_Lasso_4-pieceTemplate.smt2,300
./QF_LRA/meti-tarski/atan/problem/2/weak/atan-problem-2-weak-chunk-0200.smt2,0.02
./QF_LRA/LassoRanker/CooperatingT2/selectSort.t2.c_Iteration3_Loop_4-pieceTemplate.smt2,39.02
./QF_LRA/meti-tarski/bottom-plate-mixer/bottom-plate-mixer-chunk-0017.smt2,0.01
./QF_LRA/LassoRanker/CooperatingT2/toeplz.t2.c_Iteration2_Loop_3-pieceTemplate.smt2,300
./QF_LRA/LassoRanker/CooperatingT2/firewire.t2.c_Iteration1_Lasso_4-phaseTemplate.smt2,300
./QF_LRA/miplib/opt1217--16.smt2,12.60
./QF_LRA/LassoRanker/CooperatingT2/toeplz.c.i.toeplz.pl.t2.fixed.t2.c_Iteration2_Loop_3-pieceTemplate.smt2,300
./QF_LRA/sc/sc-23.induction2.cvc.smt2,0.78
./QF_LRA/meti-tarski/sin/problem/7/weak/sin-problem-7-weak-chunk-0094.smt2,0.02
./QF_LRA/tta_startup/simple_startup_6nodes.missing.induct.smt2,0.64
./QF_LRA/meti-tarski/polypaver/bench-exp-3d/polypaver-bench-exp-3d-chunk-0050.smt2,0.02
./QF_LRA/DTP-Scheduling/constraints-tempo-width-50.smt2,10.00
./QF_LRA/meti-tarski/sin/problem/7/weak/sin-problem-7-weak-chunk-0049.smt2,0.02
./QF_LRA/uart/uart-19.induction.cvc.smt2,1.00
./QF_LRA/meti-tarski/Chua/1/IL/L/Chua-1-IL-L-chunk-0028.smt2,0.02
./QF_LRA/2017-Heizmann-UltimateInvariantSynthesis/_standard_running.i_4_2_2.bpl_7.smt2,0.81
./QF_LRA/sc/sc-38.induction2.cvc.smt2,2.23
./QF_LRA/LassoRanker/CooperatingT2/firewire.t2.c_Iteration1_Lasso_4-pieceTemplate.smt2,300
./QF_LRA/meti-tarski/bottom-plate-mixer/bottom-plate-mixer-chunk-0010.smt2,0.03
./QF_LRA/sc/sc-14.induction3.cvc.smt2,0.39
./QF_LRA/LassoRanker/CooperatingT2/hongyi1.t2.c_Iteration9_Loop_4-lexTemplate.smt2,300
./QF_LRA/LassoRanker/CooperatingT2/sas2.t2.c_Iteration3_Lasso_5-phaseTemplate.smt2,133.16
./QF_LRA/LassoRanker/CooperatingT2/queens.t2.c_Iteration19_Loop_7-phaseTemplate.smt2,122.59
./QF_LRA/LassoRanker/CooperatingT2/sumit.t2.c_Iteration1_Lasso_6-phaseTemplate.smt2,78.79
./QF_LRA/sc/sc-26.induction3.cvc.smt2,1.01
./QF_LRA/2019-ezsmt/Labyrinth/SCC_Strong/0132-labyrinth-12-0.smt2,162.68
./QF_LRA/LassoRanker/CooperatingT2/sas2.t2.c_Iteration5_Lasso_5-phaseTemplate.smt2,133.08
./QF_LRA/LassoRanker/CooperatingT2/polyrank4.t2.c_Iteration10_Loop_7-phaseTemplate.smt2,4.47
./QF_LRA/sc/sc-31.induction3.cvc.smt2,1.90
./QF_LRA/LassoRanker/Ultimate/bound-scaled600.bpl_Iteration1_Loop_4-pieceTemplate.smt2,300
./QF_LRA/2019-ezsmt/travellingSalesperson/rand_80_340_1159656267_13.lp.smt2,2.29
./QF_LRA/LassoRanker/SV-COMP/NoriSharma-2013FSE-Fig7_true-termination.c_Iteration1_Loop_7-phaseTemplate.smt2,8.05
./QF_LRA/miplib/pk1-11.smt2,1.88
./QF_LRA/2017-Heizmann-UltimateInvariantSynthesis/_standard_init9_ground.i_3_2_2.bpl_7.smt2,3.75
./QF_LRA/LassoRanker/CooperatingT2/hongyi1.t2.c_Iteration1_Loop_6-phaseTemplate.smt2,300
./QF_LRA/LassoRanker/Ultimate/simple-scaled200.bpl_Iteration1_Lasso_7-phaseTemplate.smt2,300
./QF_LRA/2017-Heizmann-UltimateInvariantSynthesis/_sanfoundry_10_ground.i_6_3_3.bpl_13.smt2,66.57
./QF_LRA/LassoRanker/Ultimate/GcdNew.bpl_Iteration1_Lasso_6-phaseTemplate.smt2,161.76
./QF_LRA/LassoRanker/CooperatingT2/sas2.t2.c_Iteration7_Loop_7-phaseTemplate.smt2,300
./QF_LRA/LassoRanker/CooperatingT2/sas2.t2.c_Iteration3_Lasso_6-phaseTemplate.smt2,187.50
./QF_LRA/LassoRanker/CooperatingT2/firewire.t2.c_Iteration1_Lasso_4-lexTemplate.smt2,300
./QF_LRA/LassoRanker/CooperatingT2/hongyi1.t2.c_Iteration1_Loop_4-lexTemplate.smt2,300
./QF_LRA/2019-ezsmt/Labyrinth/SCC_Strong/0043-labyrinth-13-0.smt2,231.12
./QF_LRA/LassoRanker/CooperatingT2/firewire.t2.c_Iteration1_Lasso_6-phaseTemplate.smt2,300
./QF_LRA/2019-ezsmt/Labyrinth/SCC_Strong/0036-labyrinth-17-0.smt2,300
./QF_LRA/2017-Heizmann-UltimateInvariantSynthesis/_functions1.i_3_5_2.bpl_11.smt2,0.76
./QF_LRA/LassoRanker/CooperatingT2/disj_nightmare.t2.c_Iteration1_Loop_4-pieceTemplate.smt2,300
./QF_LRA/LassoRanker/Ultimate/yPositive-SIscaled75.bpl_Iteration1_Loop_7-phaseTemplate.smt2,253.67
./QF_LRA/LassoRanker/SV-COMP/BradleyMannaSipma-2005CAV-Fig1_true-termination.c_Iteration1_Lasso_7-phaseTemplate.smt2,298.17
./QF_LRA/LassoRanker/CooperatingT2/sas2.t2.c_Iteration3_Lasso_4-pieceTemplate.smt2,300
./QF_LRA/miplib/danoint-66.smt2,3.06
./QF_LRA/LassoRanker/CooperatingT2/sumit.t2.c_Iteration2_Loop_4-pieceTemplate.smt2,300
./QF_LRA/LassoRanker/SV-COMP/aviad_true-termination.c_Iteration1_Loop_2-pieceTemplate.smt2,300
./QF_LRA/LassoRanker/CooperatingT2/byron-2.t2.c_Iteration2_Loop_7-phaseTemplate.smt2,128.62
./QF_LRA/LassoRanker/SV-COMP/aviad_true-termination.c_Iteration1_Loop_5-phaseTemplate.smt2,300
./QF_LRA/LassoRanker/SV-COMP/aviad_true-termination.c_Iteration1_Loop_7-nestedTemplate.smt2,300
./QF_LRA/tropical-matrix/constraint-343414.smt2,17.73
./QF_LRA/2019-ezsmt/Labyrinth/SCC_Strong/0143-labyrinth-14-0.smt2,300
./QF_LRA/LassoRanker/CooperatingT2/ludcmp.t2.c_Iteration8_Loop_4-pieceTemplate.smt2,300
./QF_LRA/2017-Heizmann-UltimateInvariantSynthesis/_overflow1.i_3_8_2.bpl_11.smt2,0.41
./QF_LRA/miplib/opt1217--37.smt2,8.91
./QF_LRA/LassoRanker/CooperatingT2/fir.t2.c_Iteration4_Loop_4-pieceTemplate.smt2,300
./QF_LRA/miplib/danoint-266.smt2,2.49
./QF_LRA/LassoRanker/CooperatingT2/magic.t2.c_Iteration12_Loop_7-phaseTemplate.smt2,300
./QF_LRA/LassoRanker/CooperatingT2/sas2.t2.c_Iteration1_Lasso_3-pieceTemplate.smt2,300
./QF_LRA/tta_startup/simple_startup_15nodes.abstract.induct.smt2,6.01
./QF_LRA/LassoRanker/CooperatingT2/ex11.t2.c_Iteration1_Lasso_4-pieceTemplate.smt2,300
./QF_LRA/miplib/pk1-20.smt2,1.81
./QF_LRA/LassoRanker/Ultimate/Braverman-2006CAV-Ex1-int.bpl_Iteration1_Lasso_7-phaseTemplate.smt2,1.31
./QF_LRA/LassoRanker/CooperatingT2/sas2.t2.c_Iteration6_Lasso_3-pieceTemplate.smt2,300
./QF_LRA/LassoRanker/CooperatingT2/sas2.t2.c_Iteration5_Lasso_2-pieceTemplate.smt2,171.68
./QF_LRA/LassoRanker/SV-COMP/aviad_true-termination.c_Iteration1_Loop_4-lexTemplate.smt2,300
./QF_LRA/LassoRanker/SV-COMP/LeeJonesBen-Amram-2001POPL-Ex5_true-termination.c_Iteration2_Lasso_4-pieceTemplate.smt2,300
./QF_LRA/2017-Heizmann-UltimateInvariantSynthesis/_array_ptr_single_elem_init.i_4_2_2.bpl_7.smt2,1.23
./QF_LRA/LassoRanker/CooperatingT2/hongyi1.t2.c_Iteration1_Loop_4-phaseTemplate.smt2,300
./QF_LRA/latendresse/ecoliMILPglycerolYices3-60000.smt2,5.23
./QF_LRA/latendresse/ecoliMILPglycerolYices3-300000.smt2,5.92
./QF_LRA/miplib/fixnet-3983.smt2,6.67
./QF_LRA/LassoRanker/SV-COMP/aviad_true-termination.c_Iteration1_Loop_6-nestedTemplate.smt2,300
./QF_LRA/latendresse/ecoliMILPglycerolYices3-70000.smt2,6.86
./QF_LRA/latendresse/ecoliMILPglycerolYices3-5000.smt2,4.97
./QF_LRA/LassoRanker/CooperatingT2/hongyi1.t2.c_Iteration9_Loop_2-pieceTemplate.smt2,300
./QF_LRA/LassoRanker/SV-COMP/GulwaniJainKoskinen-2009PLDI-Fig1_true-termination.c_Iteration1_Lasso_3-pieceTemplate.smt2,300
./QF_LRA/LassoRanker/SV-COMP/NoriSharma-2013FSE-Fig8_true-termination.c_Iteration1_Lasso_7-phaseTemplate.smt2,300
./QF_LRA/2019-ezsmt/Labyrinth/SCC_Strong/0028-labyrinth-12-0.smt2,162.52
./QF_LRA/LassoRanker/CooperatingT2/firewire.t2.c_Iteration1_Lasso_5-phaseTemplate.smt2,300
./QF_LRA/LassoRanker/CooperatingT2/elmhes.c.i.elmhes.pl.t2.fixed.t2.c_Iteration5_Loop_4-pieceTemplate.smt2,300
./QF_LRA/LassoRanker/Ultimate/simple-scaled200.bpl_Iteration1_Lasso_5-phaseTemplate.smt2,300
./QF_LRA/LassoRanker/CooperatingT2/brp_withassume.t2.c_Iteration8_Loop_4-lexTemplate.smt2,300
./QF_LRA/2019-ezsmt/Labyrinth/SCC_Strong/0159-labyrinth-20-0.smt2,300
./QF_LRA/tropical-matrix/constraint-556101.smt2,43.25
./QF_LRA/LassoRanker/Ultimate/bound-scaled600.bpl_Iteration1_Loop_5-phaseTemplate.smt2,300
./QF_LRA/LassoRanker/CooperatingT2/toeplz.t2.c_Iteration2_Loop_4-pieceTemplate.smt2,300
./QF_LRA/LassoRanker/Ultimate/simple-scaled200.bpl_Iteration1_Lasso_4-lexTemplate.smt2,300
./QF_LRA/LassoRanker/CooperatingT2/ludcmp.t2.c_Iteration8_Loop_7-phaseTemplate.smt2,300
./QF_LRA/LassoRanker/SV-COMP/TelAviv-Amir-Minimum_true-termination.c_Iteration1_Lasso_3-pieceTemplate.smt2,300
./QF_LRA/LassoRanker/CooperatingT2/ludcmp.c.i.ludcmp.pl.t2.fixed.t2.c_Iteration9_Loop_4-pieceTemplate.smt2,300
./QF_LRA/LassoRanker/CooperatingT2/brp_withassume.t2.c_Iteration8_Loop_4-phaseTemplate.smt2,300
./QF_LRA/LassoRanker/Ultimate/simple-scaled250.bpl_Iteration1_Lasso_5-nestedTemplate.smt2,300
./QF_LRA/LassoRanker/CooperatingT2/ludcmp.t2.c_Iteration9_Loop_4-pieceTemplate.smt2,300
./QF_LRA/LassoRanker/CooperatingT2/brp_withassume.t2.c_Iteration8_Loop_7-phaseTemplate.smt2,300
./QF_LRA/LassoRanker/CooperatingT2/sumit.t2.c_Iteration1_Lasso_7-phaseTemplate.smt2,162.85
./QF_LRA/LassoRanker/CooperatingT2/brp_withassume.t2.c_Iteration8_Loop_3-pieceTemplate.smt2,300
./QF_LRA/LassoRanker/SV-COMP/aviad_true-termination.c_Iteration1_Loop_7-phaseTemplate.smt2,300
./QF_LRA/LassoRanker/SV-COMP/LeeJonesBen-Amram-2001POPL-Ex5_true-termination.c_Iteration2_Lasso_7-phaseTemplate.smt2,96.88
./QF_LRA/LassoRanker/CooperatingT2/eric.t2.c_Iteration1_Lasso_4-pieceTemplate.smt2,140.35
./QF_LRA/LassoRanker/CooperatingT2/hongyi1.t2.c_Iteration1_Loop_4-pieceTemplate.smt2,300
./QF_LRA/LassoRanker/CooperatingT2/janne_complex.t2.c_Iteration3_Lasso_4-pieceTemplate.smt2,300
./QF_LRA/2019-ezsmt/Labyrinth/SCC_Strong/0206-labyrinth-20-0.smt2,300
./QF_LRA/LassoRanker/CooperatingT2/brp_withassume.t2.c_Iteration8_Loop_2-pieceTemplate.smt2,300
./QF_LRA/LassoRanker/SV-COMP/aviad_true-termination.c_Iteration1_Loop_3-phaseTemplate.smt2,300
./QF_LRA/LassoRanker/CooperatingT2/sumit.t2.c_Iteration2_Loop_3-pieceTemplate.smt2,300
./QF_LRA/tropical-matrix/constraint-1007893.smt2,136.69
./QF_LRA/LassoRanker/CooperatingT2/sas2.t2.c_Iteration6_Lasso_4-pieceTemplate.smt2,300
./QF_LRA/LassoRanker/CooperatingT2/brp_withassume.t2.c_Iteration8_Loop_4-pieceTemplate.smt2,300
./QF_LRA/LassoRanker/Ultimate/bound-scaled600.bpl_Iteration1_Loop_7-phaseTemplate.smt2,300
./QF_LRA/LassoRanker/CooperatingT2/sumit.t2.c_Iteration2_Loop_7-phaseTemplate.smt2,300
./QF_LRA/LassoRanker/Ultimate/bound-scaled400.bpl_Iteration1_Loop_7-phaseTemplate.smt2,300
./QF_LRA/LassoRanker/CooperatingT2/brp_withassume.t2.c_Iteration8_Loop_6-phaseTemplate.smt2,300
./QF_LRA/LassoRanker/CooperatingT2/hongyi1.t2.c_Iteration1_Loop_5-phaseTemplate.smt2,300
./QF_LRA/LassoRanker/CooperatingT2/brp_withassume.t2.c_Iteration1_Loop_2-pieceTemplate.smt2,300
./QF_LRA/LassoRanker/Ultimate/simple-scaled250.bpl_Iteration1_Lasso_6-phaseTemplate.smt2,300
./QF_LRA/LassoRanker/CooperatingT2/firewire.t2.c_Iteration3_Loop_4-pieceTemplate.smt2,300
./QF_LRA/LassoRanker/SV-COMP/TelAviv-Amir-Minimum_true-termination.c_Iteration1_Lasso_2-pieceTemplate.smt2,300
./QF_LRA/LassoRanker/CooperatingT2/brp_withassume.t2.c_Iteration1_Loop_5-phaseTemplate.smt2,300
./QF_LRA/LassoRanker/CooperatingT2/firewire.t2.c_Iteration1_Lasso_7-nestedTemplate.smt2,300
./QF_LRA/2019-ezsmt/Labyrinth/SCC_Strong/0067-labyrinth-18-0.smt2,300
./QF_LRA/LassoRanker/SV-COMP/TelAviv-Amir-Minimum_true-termination.c_Iteration1_Loop_4-pieceTemplate.smt2,300
./QF_LRA/LassoRanker/CooperatingT2/sas2.t2.c_Iteration5_Lasso_7-phaseTemplate.smt2,300
./QF_LRA/LassoRanker/SV-COMP/TelAviv-Amir-Minimum_true-termination.c_Iteration1_Loop_2-pieceTemplate.smt2,300
./QF_LRA/LassoRanker/CooperatingT2/firewire.t2.c_Iteration1_Lasso_3-pieceTemplate.smt2,300
./QF_LRA/LassoRanker/Ultimate/simple-scaled100.bpl_Iteration1_Lasso_4-pieceTemplate.smt2,300
./QF_LRA/LassoRanker/SV-COMP/min_rf_true-termination.c_Iteration1_Loop_4-pieceTemplate.smt2,300
./QF_LRA/LassoRanker/Ultimate/simple-scaled200.bpl_Iteration1_Lasso_6-phaseTemplate.smt2,300
./QF_LRA/LassoRanker/Ultimate/SyntaxSupportDivision1.bpl_Iteration1_Lasso_4-pieceTemplate.smt2,300
./QF_LRA/LassoRanker/CooperatingT2/sas2.t2.c_Iteration5_Lasso_3-pieceTemplate.smt2,300
./QF_LRA/LassoRanker/CooperatingT2/ndes.t2.c_Iteration3_Loop_7-phaseTemplate.smt2,300
./QF_LRA/LassoRanker/Ultimate/simple-scaled100.bpl_Iteration1_Lasso_3-pieceTemplate.smt2,300
./QF_LRA/LassoRanker/CooperatingT2/brp_withassume.t2.c_Iteration1_Loop_7-phaseTemplate.smt2,300
./QF_LRA/LassoRanker/CooperatingT2/brp_withassume.t2.c_Iteration1_Loop_6-phaseTemplate.smt2,300
