./QF_NRA/meti-tarski/exp/problem/10/2/exp-problem-10-2-chunk-0048.smt2,0.17,0.06
./QF_NRA/meti-tarski/exp/problem/10/3/exp-problem-10-3-chunk-0073.smt2,0.12,0.08
./QF_NRA/meti-tarski/exp/problem/10/2/exp-problem-10-2-chunk-0046.smt2,0.12,0.09
./QF_NRA/20180501-Economics-Mulligan/MulliganEconomicsModel0009e.smt2,0.20,0.15
./QF_NRA/meti-tarski/exp/problem/10/2/exp-problem-10-2-chunk-0074.smt2,0.20,0.10
./QF_NRA/20180501-Economics-Mulligan/MulliganEconomicsModel0001c.smt2,0.27,0.12
./QF_NRA/meti-tarski/exp/problem/10/3/exp-problem-10-3-chunk-0046.smt2,0.20,0.07
./QF_NRA/meti-tarski/exp/problem/10/2/exp-problem-10-2-chunk-0136.smt2,0.21,0.13
./QF_NRA/meti-tarski/exp/problem/10/3/exp-problem-10-3-chunk-0136.smt2,0.25,0.08
./QF_NRA/meti-tarski/exp/problem/10/3/exp-problem-10-3-chunk-0181.smt2,0.21,0.10
./QF_NRA/meti-tarski/exp/problem/10/3/weak/exp-problem-10-3-weak-chunk-0144.smt2,0.18,0.13
./QF_NRA/meti-tarski/exp/problem/10/2/exp-problem-10-2-chunk-0072.smt2,0.27,0.13
./QF_NRA/meti-tarski/exp/problem/10/2/exp-problem-10-2-chunk-0173.smt2,0.32,0.14
./QF_NRA/meti-tarski/exp/problem/10/3/weak/exp-problem-10-3-weak-chunk-0098.smt2,0.33,0.07
./QF_NRA/meti-tarski/asin/8/vars4/asin-8-vars4-chunk-0032.smt2,0.36,0.18
./QF_NRA/meti-tarski/exp/problem/10/3/weak/exp-problem-10-3-weak-chunk-0029.smt2,0.31,0.11
./QF_NRA/meti-tarski/cos/3410/cos-3410-b-chunk-0018.smt2,0.29,0.25
./QF_NRA/meti-tarski/exp/problem/10/2/exp-problem-10-2-chunk-0207.smt2,0.36,0.17
./QF_NRA/20180501-Economics-Mulligan/MulliganEconomicsModel0012e.smt2,0.32,0.28
./QF_NRA/meti-tarski/exp/problem/10/3/weak/exp-problem-10-3-weak-chunk-0071.smt2,0.12,0.15
./QF_NRA/meti-tarski/exp/problem/10/3/weak/exp-problem-10-3-weak-chunk-0180.smt2,0.31,0.17
./QF_NRA/meti-tarski/exp/problem/10/3/exp-problem-10-3-chunk-0044.smt2,0.34,0.18
./QF_NRA/meti-tarski/exp/problem/10/2/exp-problem-10-2-chunk-0195.smt2,0.32,0.26
./QF_NRA/meti-tarski/cos/3410/cos-3410-b-chunk-0016.smt2,0.44,0.24
./QF_NRA/meti-tarski/exp/problem/10/3/weak/exp-problem-10-3-weak-chunk-0141.smt2,0.28,0.12
./QF_NRA/meti-tarski/exp/problem/10/3/exp-problem-10-3-chunk-0071.smt2,0.22,0.11
./QF_NRA/meti-tarski/exp/problem/10/3/weak/exp-problem-10-3-weak-chunk-0176.smt2,0.48,0.25
./QF_NRA/meti-tarski/exp/problem/10/2/exp-problem-10-2-chunk-0183.smt2,0.56,0.25
./QF_NRA/meti-tarski/cbrt/3/weak/cbrt-problem-3-weak-chunk-0022.smt2,0.21,0.15
./QF_NRA/meti-tarski/cos/3410/cos-3410-b-chunk-0020.smt2,0.52,0.36
./QF_NRA/meti-tarski/exp/problem/10/3/weak/exp-problem-10-3-weak-chunk-0079.smt2,0.48,0.15
./QF_NRA/meti-tarski/exp/problem/10/2/exp-problem-10-2-chunk-0263.smt2,0.73,0.25
./QF_NRA/meti-tarski/cbrt/3/cbrt-problem-3-chunk-0053.smt2,0.37,0.27
./QF_NRA/meti-tarski/exp/problem/10/3/exp-problem-10-3-chunk-0034.smt2,0.76,0.35
./QF_NRA/meti-tarski/exp/problem/10/2/exp-problem-10-2-chunk-0034.smt2,0.88,0.28
./QF_NRA/meti-tarski/asin/8/vars4/asin-8-vars4-chunk-0044.smt2,0.72,0.70
./QF_NRA/meti-tarski/exp/problem/10/2/exp-problem-10-2-chunk-0222.smt2,0.90,0.50
./QF_NRA/meti-tarski/exp/problem/10/3/exp-problem-10-3-chunk-0038.smt2,0.85,0.24
./QF_NRA/meti-tarski/cbrt/3/weak/cbrt-problem-3-weak-chunk-0102.smt2,0.57,0.34
./QF_NRA/meti-tarski/exp/problem/10/3/exp-problem-10-3-chunk-0065.smt2,1.09,0.39
./QF_NRA/meti-tarski/exp/problem/10/3/weak/exp-problem-10-3-weak-chunk-0015.smt2,1.13,0.36
./QF_NRA/meti-tarski/exp/problem/10/2/exp-problem-10-2-chunk-0058.smt2,1.27,0.34
./QF_NRA/meti-tarski/exp/problem/10/3/weak/exp-problem-10-3-weak-chunk-0160.smt2,1.24,0.29
./QF_NRA/meti-tarski/cbrt/3/weak/cbrt-problem-3-weak-chunk-0104.smt2,0.59,0.47
./QF_NRA/meti-tarski/cos/3410/cos-3410-b-chunk-0024.smt2,1.06,0.65
./QF_NRA/meti-tarski/exp/problem/10/2/exp-problem-10-2-chunk-0060.smt2,1.48,0.30
./QF_NRA/meti-tarski/polypaver/sqrt43-int/polypaver-sqrt43-int-chunk-0049.smt2,0.10,0.11
./QF_NRA/meti-tarski/polypaver/sqrt43-int/3vars/polypaver-sqrt43-int-3vars-chunk-0069.smt2,0.10,0.09
./QF_NRA/meti-tarski/exp/problem/10/3/weak/exp-problem-10-3-weak-chunk-0168.smt2,1.17,0.69
./QF_NRA/meti-tarski/polypaver/sqrt43-int/polypaver-sqrt43-int-chunk-0047.smt2,0.17,0.12
./QF_NRA/meti-tarski/polypaver/sqrt43-int/3vars/polypaver-sqrt43-int-3vars-chunk-0070.smt2,0.19,0.16
./QF_NRA/meti-tarski/cbrt/3/weak/cbrt-problem-3-weak-chunk-0062.smt2,0.55,0.38
./QF_NRA/meti-tarski/cbrt/3/cbrt-problem-3-chunk-0049.smt2,0.63,0.24
./QF_NRA/meti-tarski/exp/problem/10/3/exp-problem-10-3-chunk-0032.smt2,1.63,0.44
./QF_NRA/meti-tarski/exp/problem/10/3/exp-problem-10-3-chunk-0057.smt2,1.74,0.35
./QF_NRA/meti-tarski/polypaver/sqrt43-int/polypaver-sqrt43-int-chunk-0052.smt2,0.14,0.21
./QF_NRA/meti-tarski/exp/problem/10/2/exp-problem-10-2-chunk-0032.smt2,1.80,0.36
./QF_NRA/meti-tarski/polypaver/sqrt43-int/3vars/polypaver-sqrt43-int-3vars-chunk-0019.smt2,0.11,0.08
./QF_NRA/meti-tarski/cbrt/3/weak/cbrt-problem-3-weak-chunk-0058.smt2,1.14,0.44
./QF_NRA/meti-tarski/polypaver/sqrt43-int/3vars/polypaver-sqrt43-int-3vars-chunk-0072.smt2,0.21,0.13
./QF_NRA/meti-tarski/polypaver/sqrt43-int/3vars/polypaver-sqrt43-int-3vars-chunk-0017.smt2,0.09,0.09
./QF_NRA/meti-tarski/polypaver/sqrt43-int/3vars/polypaver-sqrt43-int-3vars-chunk-0067.smt2,0.10,0.07
./QF_NRA/meti-tarski/cos/3410/cos-3410-b-chunk-0019.smt2,0.72,1.69
./QF_NRA/meti-tarski/asin/8/vars4/asin-8-vars4-chunk-0049.smt2,1.51,0.93
./QF_NRA/meti-tarski/polypaver/sqrt43-int/3vars/polypaver-sqrt43-int-3vars-chunk-0022.smt2,0.14,0.19
./QF_NRA/meti-tarski/cbrt/3/cbrt-problem-3-chunk-0054.smt2,0.63,0.33
./QF_NRA/meti-tarski/exp/problem/10/3/exp-problem-10-3-chunk-0187.smt2,1.45,0.67
./QF_NRA/meti-tarski/cbrt/3/weak/cbrt-problem-3-weak-chunk-0075.smt2,1.13,0.75
./QF_NRA/meti-tarski/exp/problem/10/3/exp-problem-10-3-chunk-0061.smt2,1.84,0.38
./QF_NRA/meti-tarski/exp/problem/10/3/weak/exp-problem-10-3-weak-chunk-0013.smt2,1.78,0.74
./QF_NRA/meti-tarski/polypaver/sqrt43-int/3vars/polypaver-sqrt43-int-3vars-chunk-0020.smt2,0.14,0.13
./QF_NRA/meti-tarski/polypaver/sqrt43-int/4vars/polypaver-sqrt43-int-4vars-chunk-0023.smt2,0.10,0.07
./QF_NRA/meti-tarski/polypaver/bench-sqrt-3d/polypaver-bench-sqrt-3d-chunk-0142.smt2,0.07,0.07
./QF_NRA/meti-tarski/polypaver/sqrt43-int/4vars/polypaver-sqrt43-int-4vars-chunk-0025.smt2,0.18,0.09
./QF_NRA/meti-tarski/polypaver/sqrt43-int/4vars/polypaver-sqrt43-int-4vars-chunk-0026.smt2,0.14,0.15
./QF_NRA/meti-tarski/polypaver/sqrt43-int/polypaver-sqrt43-int-chunk-0050.smt2,0.17,0.20
./QF_NRA/meti-tarski/polypaver/sqrt43-int/4vars/polypaver-sqrt43-int-4vars-chunk-0028.smt2,0.28,0.24
./QF_NRA/meti-tarski/polypaver/bench-sqrt-3d/polypaver-bench-sqrt-3d-chunk-0040.smt2,0.15,0.09
./QF_NRA/meti-tarski/exp/problem/10/3/exp-problem-10-3-chunk-0083.smt2,2.54,0.50
./QF_NRA/meti-tarski/exp/problem/10/3/exp-problem-10-3-chunk-0059.smt2,2.16,0.66
./QF_NRA/meti-tarski/polypaver/bench-sqrt-3d/polypaver-bench-sqrt-3d-chunk-0087.smt2,0.17,0.05
./QF_NRA/meti-tarski/cbrt/3/weak/cbrt-problem-3-weak-chunk-0110.smt2,1.07,1.84
./QF_NRA/meti-tarski/polypaver/sqrt43-int/3vars/polypaver-sqrt43-int-3vars-chunk-0076.smt2,0.89,0.58
./QF_NRA/meti-tarski/cbrt/3/weak/cbrt-problem-3-weak-chunk-0076.smt2,1.91,0.68
./QF_NRA/meti-tarski/polypaver/sqrt43-int/3vars/polypaver-sqrt43-int-3vars-chunk-0026.smt2,1.30,0.55
./QF_NRA/meti-tarski/cbrt/3/weak/cbrt-problem-3-weak-chunk-0106.smt2,1.62,1.41
./QF_NRA/meti-tarski/polypaver/bench-sqrt-3d/polypaver-bench-sqrt-3d-chunk-0152.smt2,0.18,0.06
./QF_NRA/meti-tarski/polypaver/bench-sqrt-3d/polypaver-bench-sqrt-3d-chunk-0092.smt2,0.18,0.07
./QF_NRA/meti-tarski/cbrt/3/weak/cbrt-problem-3-weak-chunk-0070.smt2,2.37,1.23
./QF_NRA/meti-tarski/cbrt/3/cbrt-problem-3-chunk-0061.smt2,1.75,1.06
./QF_NRA/meti-tarski/cbrt/3/weak/cbrt-problem-3-weak-chunk-0096.smt2,1.97,1.21
./QF_NRA/meti-tarski/polypaver/sqrt43-int/3vars/polypaver-sqrt43-int-3vars-chunk-0079.smt2,1.27,0.80
./QF_NRA/meti-tarski/polypaver/sqrt43-int/3vars/polypaver-sqrt43-int-3vars-chunk-0025.smt2,1.23,0.81
./QF_NRA/meti-tarski/polypaver/sqrt43-int/3vars/polypaver-sqrt43-int-3vars-chunk-0028.smt2,1.26,0.74
./QF_NRA/meti-tarski/exp/problem/10/2/exp-problem-10-2-chunk-0255.smt2,2.48,1.92
./QF_NRA/meti-tarski/polypaver/sqrt43-int/3vars/polypaver-sqrt43-int-3vars-chunk-0029.smt2,1.37,0.95
./QF_NRA/meti-tarski/cbrt/3/cbrt-problem-3-chunk-0067.smt2,2.25,0.82
./QF_NRA/meti-tarski/polypaver/sqrt43-int/3vars/polypaver-sqrt43-int-3vars-chunk-0075.smt2,1.53,0.75
./QF_NRA/meti-tarski/polypaver/sqrt43-int/3vars/polypaver-sqrt43-int-3vars-chunk-0078.smt2,2.10,0.45
./QF_NRA/meti-tarski/polypaver/bench-sqrt-3d/polypaver-bench-sqrt-3d-chunk-0237.smt2,1.67,0.58
./QF_NRA/meti-tarski/exp/problem/10/2/exp-problem-10-2-chunk-0243.smt2,4.04,0.99
./QF_NRA/meti-tarski/polypaver/bench-sqrt-3d/polypaver-bench-sqrt-3d-chunk-0189.smt2,1.35,0.52
./QF_NRA/meti-tarski/exp/problem/10/2/exp-problem-10-2-chunk-0290.smt2,2.65,2.46
./QF_NRA/meti-tarski/polypaver/sqrt43-int/3vars/polypaver-sqrt43-int-3vars-chunk-0034.smt2,2.34,1.13
./QF_NRA/meti-tarski/cbrt/3/cbrt-problem-3-chunk-0032.smt2,3.94,1.21
./QF_NRA/meti-tarski/cbrt/3/cbrt-problem-3-chunk-0027.smt2,3.05,1.18
./QF_NRA/meti-tarski/cbrt/3/cbrt-problem-3-chunk-0030.smt2,3.50,0.79
./QF_NRA/meti-tarski/cbrt/3/weak/cbrt-problem-3-weak-chunk-0038.smt2,4.19,1.13
./QF_NRA/meti-tarski/exp/problem/10/2/exp-problem-10-2-chunk-0283.smt2,4.54,1.64
./QF_NRA/meti-tarski/polypaver/bench-sqrt-3d/polypaver-bench-sqrt-3d-chunk-0247.smt2,1.14,1.49
./QF_NRA/meti-tarski/polypaver/bench-sqrt-3d/polypaver-bench-sqrt-3d-chunk-0194.smt2,2.43,0.81
./QF_NRA/meti-tarski/exp/problem/10/2/exp-problem-10-2-chunk-0294.smt2,5.18,1.55
./QF_NRA/meti-tarski/cbrt/3/cbrt-problem-3-chunk-0026.smt2,4.61,1.80
./QF_NRA/meti-tarski/polypaver/bench-sqrt-3d/polypaver-bench-sqrt-3d-chunk-0282.smt2,2.08,1.06
./QF_NRA/meti-tarski/polypaver/bench-sqrt-3d/polypaver-bench-sqrt-3d-chunk-0209.smt2,1.68,1.04
./QF_NRA/meti-tarski/polypaver/sqrt43-int/3vars/polypaver-sqrt43-int-3vars-chunk-0084.smt2,3.25,1.98
./QF_NRA/20180501-Economics-Mulligan/MulliganEconomicsModel0080e.smt2,3.45,3.82
./QF_NRA/meti-tarski/polypaver/bench-sqrt-3d/polypaver-bench-sqrt-3d-chunk-0249.smt2,1.37,0.74
./QF_NRA/meti-tarski/polypaver/bench-sqrt-3d/polypaver-bench-sqrt-3d-chunk-0239.smt2,1.94,0.76
./QF_NRA/meti-tarski/polypaver/bench-sqrt-3d/polypaver-bench-sqrt-3d-chunk-0210.smt2,3.12,0.73
./QF_NRA/meti-tarski/polypaver/bench-sqrt-3d/polypaver-bench-sqrt-3d-chunk-0244.smt2,1.19,0.95
./QF_NRA/meti-tarski/polypaver/bench-sqrt-3d/polypaver-bench-sqrt-3d-chunk-0020.smt2,0.22,0.14
./QF_NRA/meti-tarski/polypaver/bench-sqrt-3d/polypaver-bench-sqrt-3d-chunk-0199.smt2,0.75,0.43
./QF_NRA/meti-tarski/polypaver/bench-sqrt-3d/polypaver-bench-sqrt-3d-chunk-0279.smt2,1.95,1.43
./QF_NRA/meti-tarski/cbrt/3/weak/cbrt-problem-3-weak-chunk-0032.smt2,5.01,3.24
./QF_NRA/meti-tarski/polypaver/bench-sqrt-3d/polypaver-bench-sqrt-3d-chunk-0184.smt2,0.48,0.16
./QF_NRA/meti-tarski/polypaver/bench-sqrt-3d/polypaver-bench-sqrt-3d-chunk-0427.smt2,3.79,3.93
./QF_NRA/meti-tarski/polypaver/bench-sqrt-3d/polypaver-bench-sqrt-3d-chunk-0251.smt2,2.69,1.07
./QF_NRA/meti-tarski/exp/problem/10/2/exp-problem-10-2-chunk-0299.smt2,6.94,3.95
./QF_NRA/meti-tarski/polypaver/bench-sqrt-3d/polypaver-bench-sqrt-3d-chunk-0219.smt2,6.47,2.09
./QF_NRA/meti-tarski/polypaver/bench-sqrt-3d/polypaver-bench-sqrt-3d-chunk-0149.smt2,0.19,0.12
./QF_NRA/zankl/matrix-1-all-2.smt2,4.78,6.64
./QF_NRA/meti-tarski/polypaver/bench-sqrt-3d/polypaver-bench-sqrt-3d-chunk-0141.smt2,0.12,0.10
./QF_NRA/zankl/matrix-1-all-33.smt2,5.30,6.69
./QF_NRA/meti-tarski/polypaver/bench-sqrt-3d/polypaver-bench-sqrt-3d-chunk-0248.smt2,3.90,0.81
./QF_NRA/meti-tarski/polypaver/bench-sqrt-3d/polypaver-bench-sqrt-3d-chunk-0406.smt2,3.64,2.54
./QF_NRA/zankl/matrix-1-all-24.smt2,5.01,8.83
./QF_NRA/meti-tarski/polypaver/bench-sqrt-3d/polypaver-bench-sqrt-3d-chunk-0231.smt2,1.52,0.78
./QF_NRA/meti-tarski/polypaver/bench-sqrt-3d/polypaver-bench-sqrt-3d-chunk-0283.smt2,0.38,0.32
./QF_NRA/zankl/matrix-1-all-34.smt2,6.40,8.87
./QF_NRA/meti-tarski/polypaver/bench-sqrt-3d/polypaver-bench-sqrt-3d-chunk-0412.smt2,4.75,3.86
./QF_NRA/meti-tarski/polypaver/bench-sqrt-3d/polypaver-bench-sqrt-3d-chunk-0304.smt2,7.49,1.73
./QF_NRA/meti-tarski/polypaver/bench-sqrt-3d/polypaver-bench-sqrt-3d-chunk-0388.smt2,5.81,8.07
./QF_NRA/meti-tarski/polypaver/bench-sqrt-3d/polypaver-bench-sqrt-3d-chunk-0392.smt2,6.08,4.40
./QF_NRA/meti-tarski/polypaver/bench-sqrt-3d/polypaver-bench-sqrt-3d-chunk-0196.smt2,0.76,1.07
./QF_NRA/meti-tarski/cos/3410/cos-3410-b-chunk-0026.smt2,9.50,7.61
./QF_NRA/meti-tarski/polypaver/bench-sqrt-3d/polypaver-bench-sqrt-3d-chunk-0302.smt2,8.02,2.23
./QF_NRA/zankl/matrix-1-all-11.smt2,6.88,11.56
./QF_NRA/meti-tarski/polypaver/bench-sqrt-3d/polypaver-bench-sqrt-3d-chunk-0330.smt2,6.75,6.85
./QF_NRA/meti-tarski/cbrt/3/weak/cbrt-problem-3-weak-chunk-0107.smt2,8.20,9.91
./QF_NRA/meti-tarski/polypaver/bench-sqrt-3d/polypaver-bench-sqrt-3d-chunk-0228.smt2,5.76,1.48
./QF_NRA/meti-tarski/polypaver/bench-sqrt-3d/polypaver-bench-sqrt-3d-chunk-0416.smt2,10.50,5.59
./QF_NRA/meti-tarski/polypaver/bench-sqrt-3d/polypaver-bench-sqrt-3d-chunk-0332.smt2,7.47,9.70
./QF_NRA/meti-tarski/polypaver/bench-sqrt-3d/polypaver-bench-sqrt-3d-chunk-0270.smt2,2.20,0.83
./QF_NRA/meti-tarski/polypaver/bench-sqrt-3d/polypaver-bench-sqrt-3d-chunk-0222.smt2,8.88,3.94
./QF_NRA/meti-tarski/polypaver/bench-sqrt-3d/polypaver-bench-sqrt-3d-chunk-0232.smt2,3.22,1.32
./QF_NRA/meti-tarski/polypaver/bench-sqrt-3d/polypaver-bench-sqrt-3d-chunk-0211.smt2,0.99,0.77
./QF_NRA/meti-tarski/polypaver/bench-sqrt-3d/polypaver-bench-sqrt-3d-chunk-0432.smt2,10.48,4.29
./QF_NRA/meti-tarski/polypaver/bench-sqrt-3d/polypaver-bench-sqrt-3d-chunk-0060.smt2,0.12,0.08
./QF_NRA/meti-tarski/polypaver/bench-sqrt-3d/polypaver-bench-sqrt-3d-chunk-0082.smt2,0.77,0.16
./QF_NRA/meti-tarski/polypaver/bench-sqrt-3d/polypaver-bench-sqrt-3d-chunk-0299.smt2,4.31,2.52
./QF_NRA/meti-tarski/polypaver/bench-sqrt-3d/polypaver-bench-sqrt-3d-chunk-0351.smt2,7.11,10.48
./QF_NRA/meti-tarski/polypaver/bench-sqrt-3d/polypaver-bench-sqrt-3d-chunk-0017.smt2,0.25,0.19
./QF_NRA/meti-tarski/polypaver/bench-sqrt-3d/polypaver-bench-sqrt-3d-chunk-0387.smt2,11.99,7.62
./QF_NRA/meti-tarski/polypaver/bench-sqrt-3d/polypaver-bench-sqrt-3d-chunk-0403.smt2,8.87,1.94
./QF_NRA/meti-tarski/polypaver/bench-sqrt-3d/polypaver-bench-sqrt-3d-chunk-0240.smt2,2.98,1.62
./QF_NRA/meti-tarski/polypaver/bench-sqrt-3d/polypaver-bench-sqrt-3d-chunk-0339.smt2,7.76,11.33
./QF_NRA/meti-tarski/cbrt/3/cbrt-problem-3-chunk-0080.smt2,16.05,7.06
./QF_NRA/meti-tarski/cbrt/3/weak/cbrt-problem-3-weak-chunk-0087.smt2,16.27,6.50
./QF_NRA/meti-tarski/polypaver/bench-sqrt-3d/polypaver-bench-sqrt-3d-chunk-0369.smt2,6.30,6.91
./QF_NRA/meti-tarski/polypaver/bench-sqrt-3d/polypaver-bench-sqrt-3d-chunk-0391.smt2,12.75,4.41
./QF_NRA/meti-tarski/polypaver/bench-sqrt-3d/polypaver-bench-sqrt-3d-chunk-0375.smt2,7.38,2.58
./QF_NRA/meti-tarski/polypaver/bench-sqrt-3d/polypaver-bench-sqrt-3d-chunk-0220.smt2,12.44,2.99
./QF_NRA/meti-tarski/polypaver/bench-sqrt-3d/polypaver-bench-sqrt-3d-chunk-0290.smt2,8.91,0.75
./QF_NRA/meti-tarski/polypaver/bench-sqrt-3d/polypaver-bench-sqrt-3d-chunk-0188.smt2,3.74,0.56
./QF_NRA/meti-tarski/polypaver/bench-sqrt-3d/polypaver-bench-sqrt-3d-chunk-0489.smt2,6.52,2.55
./QF_NRA/meti-tarski/polypaver/bench-sqrt-3d/polypaver-bench-sqrt-3d-chunk-0261.smt2,6.40,1.87
./QF_NRA/meti-tarski/polypaver/bench-sqrt-3d/polypaver-bench-sqrt-3d-chunk-0400.smt2,4.86,5.26
./QF_NRA/meti-tarski/cbrt/3/weak/cbrt-problem-3-weak-chunk-0094.smt2,17.70,8.83
./QF_NRA/meti-tarski/polypaver/bench-sqrt-3d/polypaver-bench-sqrt-3d-chunk-0322.smt2,11.97,4.15
./QF_NRA/meti-tarski/polypaver/bench-sqrt-3d/polypaver-bench-sqrt-3d-chunk-0217.smt2,2.61,3.31
./QF_NRA/meti-tarski/polypaver/bench-sqrt-3d/polypaver-bench-sqrt-3d-chunk-0207.smt2,2.15,1.29
./QF_NRA/meti-tarski/polypaver/bench-sqrt-3d/polypaver-bench-sqrt-3d-chunk-0447.smt2,14.95,6.71
./QF_NRA/meti-tarski/polypaver/bench-sqrt-3d/polypaver-bench-sqrt-3d-chunk-0258.smt2,1.63,0.68
./QF_NRA/meti-tarski/polypaver/bench-sqrt-3d/polypaver-bench-sqrt-3d-chunk-0341.smt2,15.37,8.05
./QF_NRA/meti-tarski/polypaver/bench-sqrt-3d/polypaver-bench-sqrt-3d-chunk-0226.smt2,16.44,3.27
./QF_NRA/meti-tarski/polypaver/bench-sqrt-3d/polypaver-bench-sqrt-3d-chunk-0213.smt2,1.62,2.48
./QF_NRA/meti-tarski/polypaver/bench-sqrt-3d/polypaver-bench-sqrt-3d-chunk-0172.smt2,0.13,0.10
./QF_NRA/meti-tarski/polypaver/bench-sqrt-3d/polypaver-bench-sqrt-3d-chunk-0331.smt2,19.80,7.76
./QF_NRA/meti-tarski/polypaver/bench-sqrt-3d/polypaver-bench-sqrt-3d-chunk-0073.smt2,0.34,0.21
./QF_NRA/meti-tarski/polypaver/bench-sqrt-3d/polypaver-bench-sqrt-3d-chunk-0250.smt2,2.72,0.91
./QF_NRA/meti-tarski/polypaver/bench-sqrt-3d/polypaver-bench-sqrt-3d-chunk-0183.smt2,0.36,0.22
./QF_NRA/zankl/matrix-1-all-22.smt2,21.44,12.37
./QF_NRA/meti-tarski/polypaver/bench-sqrt-3d/polypaver-bench-sqrt-3d-chunk-0303.smt2,9.70,2.72
./QF_NRA/meti-tarski/polypaver/bench-sqrt-3d/polypaver-bench-sqrt-3d-chunk-0498.smt2,15.21,17.05
./QF_NRA/meti-tarski/cbrt/3/weak/cbrt-problem-3-weak-chunk-0116.smt2,24.42,10.15
./QF_NRA/meti-tarski/cbrt/3/weak/cbrt-problem-3-weak-chunk-0113.smt2,29.24,6.55
./QF_NRA/meti-tarski/polypaver/bench-sqrt-3d/polypaver-bench-sqrt-3d-chunk-0166.smt2,0.45,0.26
./QF_NRA/meti-tarski/polypaver/bench-sqrt-3d/polypaver-bench-sqrt-3d-chunk-0417.smt2,5.89,6.98
./QF_NRA/meti-tarski/polypaver/bench-sqrt-3d/polypaver-bench-sqrt-3d-chunk-0097.smt2,0.57,0.41
./QF_NRA/meti-tarski/polypaver/bench-sqrt-3d/polypaver-bench-sqrt-3d-chunk-0309.smt2,6.46,26.62
./QF_NRA/meti-tarski/polypaver/bench-sqrt-3d/polypaver-bench-sqrt-3d-chunk-0171.smt2,0.26,0.12
./QF_NRA/meti-tarski/polypaver/bench-sqrt-3d/polypaver-bench-sqrt-3d-chunk-0312.smt2,8.49,3.43
./QF_NRA/meti-tarski/polypaver/bench-sqrt-3d/polypaver-bench-sqrt-3d-chunk-0297.smt2,3.77,2.97
./QF_NRA/meti-tarski/polypaver/bench-sqrt-3d/polypaver-bench-sqrt-3d-chunk-0109.smt2,0.73,0.14
./QF_NRA/meti-tarski/polypaver/bench-sqrt-3d/polypaver-bench-sqrt-3d-chunk-0350.smt2,6.68,6.93
./QF_NRA/meti-tarski/polypaver/bench-sqrt-3d/polypaver-bench-sqrt-3d-chunk-0321.smt2,1.61,0.61
./QF_NRA/meti-tarski/polypaver/bench-sqrt-3d/polypaver-bench-sqrt-3d-chunk-0223.smt2,7.57,4.23
./QF_NRA/meti-tarski/polypaver/bench-sqrt-3d/polypaver-bench-sqrt-3d-chunk-0323.smt2,12.20,18.61
./QF_NRA/meti-tarski/polypaver/bench-sqrt-3d/polypaver-bench-sqrt-3d-chunk-0390.smt2,8.30,6.98
./QF_NRA/meti-tarski/cbrt/3/weak/cbrt-problem-3-weak-chunk-0086.smt2,13.95,31.03
./QF_NRA/meti-tarski/polypaver/bench-sqrt-3d/polypaver-bench-sqrt-3d-chunk-0376.smt2,2.77,38.92
./QF_NRA/meti-tarski/polypaver/bench-sqrt-3d/polypaver-bench-sqrt-3d-chunk-0269.smt2,7.10,5.11
./QF_NRA/meti-tarski/polypaver/bench-sqrt-3d/polypaver-bench-sqrt-3d-chunk-0428.smt2,5.78,35.26
./QF_NRA/meti-tarski/polypaver/bench-sqrt-3d/polypaver-bench-sqrt-3d-chunk-0146.smt2,0.79,0.15
./QF_NRA/meti-tarski/polypaver/bench-sqrt-3d/polypaver-bench-sqrt-3d-chunk-0469.smt2,17.34,27.93
./QF_NRA/meti-tarski/polypaver/bench-sqrt-3d/polypaver-bench-sqrt-3d-chunk-0289.smt2,9.06,2.35
./QF_NRA/meti-tarski/polypaver/bench-sqrt-3d/polypaver-bench-sqrt-3d-chunk-0317.smt2,11.18,8.15
./QF_NRA/meti-tarski/polypaver/bench-sqrt-3d/polypaver-bench-sqrt-3d-chunk-0310.smt2,10.94,4.24
./QF_NRA/meti-tarski/polypaver/bench-sqrt-3d/polypaver-bench-sqrt-3d-chunk-0377.smt2,13.84,21.54
./QF_NRA/meti-tarski/polypaver/bench-sqrt-3d/polypaver-bench-sqrt-3d-chunk-0349.smt2,6.98,8.23
./QF_NRA/meti-tarski/polypaver/bench-sqrt-3d/polypaver-bench-sqrt-3d-chunk-0069.smt2,0.48,0.24
./QF_NRA/meti-tarski/polypaver/bench-sqrt-3d/polypaver-bench-sqrt-3d-chunk-0264.smt2,6.43,4.95
./QF_NRA/meti-tarski/polypaver/bench-sqrt-3d/polypaver-bench-sqrt-3d-chunk-0201.smt2,1.48,1.14
./QF_NRA/meti-tarski/polypaver/bench-sqrt-3d/polypaver-bench-sqrt-3d-chunk-0277.smt2,7.86,3.79
./QF_NRA/meti-tarski/polypaver/bench-sqrt-3d/polypaver-bench-sqrt-3d-chunk-0336.smt2,13.27,7.86
./QF_NRA/meti-tarski/polypaver/bench-sqrt-3d/polypaver-bench-sqrt-3d-chunk-0344.smt2,11.12,11.69
./QF_NRA/meti-tarski/polypaver/bench-sqrt-3d/polypaver-bench-sqrt-3d-chunk-0463.smt2,16.86,15.84
./QF_NRA/meti-tarski/polypaver/bench-sqrt-3d/polypaver-bench-sqrt-3d-chunk-0308.smt2,19.01,6.27
./QF_NRA/meti-tarski/cbrt/3/weak/cbrt-problem-3-weak-chunk-0089.smt2,20.25,39.52
./QF_NRA/meti-tarski/polypaver/bench-sqrt-3d/polypaver-bench-sqrt-3d-chunk-0367.smt2,8.71,7.24
./QF_NRA/meti-tarski/polypaver/bench-sqrt-3d/polypaver-bench-sqrt-3d-chunk-0195.smt2,6.26,5.10
./QF_NRA/meti-tarski/polypaver/bench-sqrt-3d/polypaver-bench-sqrt-3d-chunk-0423.smt2,9.71,7.18
./QF_NRA/meti-tarski/polypaver/bench-sqrt-3d/polypaver-bench-sqrt-3d-chunk-0365.smt2,4.10,57.92
./QF_NRA/meti-tarski/polypaver/sqrt-circles/1a/polypaver-sqrt-circles-1a-chunk-0010.smt2,0.85,0.22
./QF_NRA/meti-tarski/polypaver/bench-sqrt-3d/polypaver-bench-sqrt-3d-chunk-0268.smt2,5.00,1.20
./QF_NRA/meti-tarski/cbrt/3/weak/cbrt-problem-3-weak-chunk-0090.smt2,56.85,8.73
./QF_NRA/meti-tarski/polypaver/bench-sqrt-3d/polypaver-bench-sqrt-3d-chunk-0229.smt2,5.85,2.37
./QF_NRA/meti-tarski/polypaver/bench-sqrt-3d/polypaver-bench-sqrt-3d-chunk-0451.smt2,13.54,33.78
./QF_NRA/meti-tarski/polypaver/sqrt-circles/2a/polypaver-sqrt-circles-2a-chunk-0016.smt2,0.77,0.31
./QF_NRA/meti-tarski/polypaver/bench-sqrt-3d/polypaver-bench-sqrt-3d-chunk-0325.smt2,23.76,4.07
./QF_NRA/meti-tarski/polypaver/bench-sqrt-3d/polypaver-bench-sqrt-3d-chunk-0326.smt2,10.96,28.05
./QF_NRA/meti-tarski/polypaver/bench-sqrt-3d/polypaver-bench-sqrt-3d-chunk-0293.smt2,6.01,2.21
./QF_NRA/meti-tarski/polypaver/bench-sqrt-3d/polypaver-bench-sqrt-3d-chunk-0328.smt2,4.20,1.84
./QF_NRA/meti-tarski/polypaver/bench-exp-3d/polypaver-bench-exp-3d-chunk-0084.smt2,1.05,0.46
./QF_NRA/meti-tarski/polypaver/bench-sqrt-3d/polypaver-bench-sqrt-3d-chunk-0383.smt2,10.18,3.51
./QF_NRA/meti-tarski/polypaver/bench-sqrt-3d/polypaver-bench-sqrt-3d-chunk-0429.smt2,8.20,35.79
./QF_NRA/meti-tarski/CMOS/CMOS-opamp-chunk-0059.smt2,0.21,0.10
./QF_NRA/meti-tarski/CMOS/CMOS-opamp-chunk-0231.smt2,0.54,0.11
./QF_NRA/meti-tarski/polypaver/bench-exp-3d/polypaver-bench-exp-3d-chunk-0086.smt2,2.50,1.86
./QF_NRA/meti-tarski/CMOS/CMOS-opamp-chunk-0108.smt2,0.54,0.09
./QF_NRA/meti-tarski/CMOS/CMOS-opamp-chunk-0025.smt2,0.78,0.81
./QF_NRA/meti-tarski/CMOS/CMOS-opamp-chunk-0255.smt2,0.43,0.35
./QF_NRA/meti-tarski/polypaver/bench-sqrt-3d/polypaver-bench-sqrt-3d-chunk-0204.smt2,11.68,3.14
./QF_NRA/meti-tarski/CMOS/CMOS-opamp-chunk-0042.smt2,0.37,0.28
./QF_NRA/meti-tarski/CMOS/CMOS-opamp-chunk-0265.smt2,0.76,0.46
./QF_NRA/meti-tarski/polypaver/bench-sqrt-3d/polypaver-bench-sqrt-3d-chunk-0405.smt2,10.81,12.00
./QF_NRA/meti-tarski/CMOS/CMOS-opamp-chunk-0038.smt2,0.97,0.72
./QF_NRA/meti-tarski/CMOS/CMOS-opamp-chunk-0021.smt2,0.35,0.20
./QF_NRA/meti-tarski/CMOS/CMOS-opamp-chunk-0217.smt2,0.28,0.24
./QF_NRA/meti-tarski/CMOS/CMOS-opamp-chunk-0296.smt2,1.25,1.40
./QF_NRA/meti-tarski/CMOS/CMOS-opamp-chunk-0138.smt2,0.54,0.31
./QF_NRA/meti-tarski/CMOS/CMOS-opamp-chunk-0122.smt2,0.22,0.11
./QF_NRA/meti-tarski/polypaver/bench-sqrt-3d/polypaver-bench-sqrt-3d-chunk-0348.smt2,5.42,66.74
./QF_NRA/meti-tarski/CMOS/CMOS-opamp-chunk-0228.smt2,0.34,0.28
./QF_NRA/meti-tarski/CMOS/CMOS-opamp-chunk-0035.smt2,0.31,0.30
./QF_NRA/meti-tarski/CMOS/CMOS-opamp-chunk-0044.smt2,0.87,0.76
./QF_NRA/meti-tarski/CMOS/CMOS-opamp-chunk-0211.smt2,1.32,0.70
./QF_NRA/meti-tarski/CMOS/CMOS-opamp-chunk-0074.smt2,0.34,0.27
./QF_NRA/meti-tarski/CMOS/CMOS-opamp-chunk-0219.smt2,0.23,0.42
./QF_NRA/meti-tarski/CMOS/CMOS-opamp-chunk-0302.smt2,0.32,0.12
./QF_NRA/meti-tarski/CMOS/CMOS-opamp-chunk-0213.smt2,0.85,0.97
./QF_NRA/meti-tarski/CMOS/CMOS-opamp-chunk-0029.smt2,0.61,0.31
./QF_NRA/meti-tarski/CMOS/CMOS-opamp-chunk-0243.smt2,0.70,0.16
./QF_NRA/meti-tarski/polypaver/bench-sqrt-3d/polypaver-bench-sqrt-3d-chunk-0389.smt2,10.36,8.38
./QF_NRA/meti-tarski/polypaver/bench-sqrt-3d/polypaver-bench-sqrt-3d-chunk-0422.smt2,15.05,8.12
./QF_NRA/meti-tarski/polypaver/bench-sqrt-3d/polypaver-bench-sqrt-3d-chunk-0361.smt2,12.40,47.45
./QF_NRA/zankl/matrix-1-all-3.smt2,31.75,50.83
./QF_NRA/meti-tarski/polypaver/bench-sqrt-3d/polypaver-bench-sqrt-3d-chunk-0434.smt2,26.46,11.48
./QF_NRA/meti-tarski/polypaver/bench-exp-3d/polypaver-bench-exp-3d-chunk-0064.smt2,10.34,7.71
./QF_NRA/meti-tarski/polypaver/bench-exp-3d/polypaver-bench-exp-3d-chunk-0062.smt2,11.14,4.27
./QF_NRA/meti-tarski/polypaver/bench-sqrt-3d/polypaver-bench-sqrt-3d-chunk-0372.smt2,3.38,74.66
./QF_NRA/meti-tarski/polypaver/bench-exp-3d/polypaver-bench-exp-3d-chunk-0066.smt2,12.62,6.43
./QF_NRA/meti-tarski/Lyapunov/Lyapunov1a-chunk-0015.smt2,6.83,2.28
./QF_NRA/meti-tarski/Lyapunov/Lyapunov1a-chunk-0017.smt2,7.16,2.85
./QF_NRA/meti-tarski/Lyapunov/Lyapunov1a-chunk-0024.smt2,8.22,4.81
./QF_NRA/zankl/matrix-1-all-4.smt2,42.94,46.95
./QF_NRA/meti-tarski/polypaver/bench-sqrt-3d/polypaver-bench-sqrt-3d-chunk-0455.smt2,7.58,78.61
./QF_NRA/meti-tarski/Lyapunov/Lyapunov1a-chunk-0019.smt2,7.24,5.98
./QF_NRA/meti-tarski/polypaver/bench-sqrt-3d/polypaver-bench-sqrt-3d-chunk-0424.smt2,20.71,9.60
./QF_NRA/meti-tarski/Lyapunov/Lyapunov1a-chunk-0003.smt2,5.53,1.24
./QF_NRA/meti-tarski/polypaver/bench-sqrt-3d/polypaver-bench-sqrt-3d-chunk-0353.smt2,12.04,18.28
./QF_NRA/meti-tarski/polypaver/bench-sqrt-3d/polypaver-bench-sqrt-3d-chunk-0491.smt2,14.75,54.79
./QF_NRA/meti-tarski/sin/cos/sin-cos-346-b-chunk-0047.smt2,0.64,0.31
./QF_NRA/meti-tarski/sin/problem/10/sin-problem-10-3-chunk-0012.smt2,0.54,0.10
./QF_NRA/meti-tarski/Lyapunov/Lyapunov1a-chunk-0005.smt2,13.85,3.12
./QF_NRA/meti-tarski/polypaver/bench-exp-3d/polypaver-bench-exp-3d-chunk-0078.smt2,20.14,5.32
./QF_NRA/meti-tarski/polypaver/bench-sqrt-3d/polypaver-bench-sqrt-3d-chunk-0419.smt2,9.67,76.76
./QF_NRA/meti-tarski/Lyapunov/Lyapunov1a-chunk-0031.smt2,5.56,2.79
./QF_NRA/meti-tarski/sin/cos/sin-cos-346-b-chunk-0536.smt2,3.79,0.64
./QF_NRA/meti-tarski/Lyapunov/Lyapunov1a-chunk-0032.smt2,10.68,2.20
./QF_NRA/meti-tarski/Lyapunov/Lyapunov1a-chunk-0011.smt2,7.56,4.52
./QF_NRA/meti-tarski/Lyapunov/Lyapunov1a-chunk-0034.smt2,19.89,1.71
./QF_NRA/meti-tarski/Lyapunov/Lyapunov1a-chunk-0007.smt2,5.47,2.74
./QF_NRA/meti-tarski/Lyapunov/Lyapunov1a-chunk-0004.smt2,7.41,2.57
./QF_NRA/meti-tarski/sin/344/3/sin-344-3-weak-chunk-0044.smt2,2.20,2.67
./QF_NRA/meti-tarski/Lyapunov/Lyapunov1a-chunk-0008.smt2,20.63,4.37
./QF_NRA/meti-tarski/Lyapunov/Lyapunov1a-chunk-0035.smt2,18.67,6.42
./QF_NRA/meti-tarski/Lyapunov/Lyapunov1a-chunk-0029.smt2,6.98,5.48
./QF_NRA/meti-tarski/polypaver/bench-sqrt-3d/polypaver-bench-sqrt-3d-chunk-0311.smt2,11.10,66.07
./QF_NRA/meti-tarski/Lyapunov/Lyapunov1a-chunk-0039.smt2,10.77,6.86
./QF_NRA/meti-tarski/polypaver/bench-sqrt-3d/polypaver-bench-sqrt-3d-chunk-0384.smt2,9.50,86.30
./QF_NRA/meti-tarski/Lyapunov/Lyapunov1a-chunk-0009.smt2,9.57,7.66
./QF_NRA/meti-tarski/Lyapunov/Lyapunov1a-chunk-0018.smt2,11.79,4.96
./QF_NRA/meti-tarski/polypaver/bench-sqrt-3d/polypaver-bench-sqrt-3d-chunk-0516.smt2,61.30,19.71
./QF_NRA/meti-tarski/cbrt/3/weak/cbrt-problem-3-weak-chunk-0092.smt2,43.63,66.96
./QF_NRA/meti-tarski/polypaver/bench-exp-3d/polypaver-bench-exp-3d-chunk-0106.smt2,37.14,7.33
./QF_NRA/meti-tarski/sin/344/3/sin-344-3-chunk-0045.smt2,11.11,2.61
./QF_NRA/meti-tarski/sin/344/3/sin-344-3-weak-chunk-0046.smt2,5.13,0.98
./QF_NRA/meti-tarski/sin/344/4/sin-344-4-chunk-0047.smt2,14.59,4.93
./QF_NRA/meti-tarski/sin/344/3/sin-344-3-chunk-0017.smt2,12.88,1.94
./QF_NRA/meti-tarski/polypaver/bench-sqrt-3d/polypaver-bench-sqrt-3d-chunk-0505.smt2,15.26,43.00
./QF_NRA/meti-tarski/sin/344/3/sin-344-3-chunk-0064.smt2,11.63,2.39
./QF_NRA/meti-tarski/sin/344/3/sin-344-3-chunk-0034.smt2,8.33,2.39
./QF_NRA/meti-tarski/polypaver/bench-sqrt-3d/polypaver-bench-sqrt-3d-chunk-0440.smt2,46.50,46.48
./QF_NRA/meti-tarski/polypaver/bench-sqrt-3d/polypaver-bench-sqrt-3d-chunk-0490.smt2,3.49,111.31
./QF_NRA/meti-tarski/sin/344/4/sin-344-4-chunk-0032.smt2,17.40,5.58
./QF_NRA/meti-tarski/sin/344/4/sin-344-4-chunk-0052.smt2,18.04,6.77
./QF_NRA/meti-tarski/sqrt/problem/13/sqrt-problem-13-chunk-0015.smt2,0.35,0.18
./QF_NRA/meti-tarski/sqrt/problem/sqrt-problem-Melquiond3-chunk-0021.smt2,0.65,0.22
./QF_NRA/meti-tarski/sin/344/3/sin-344-3-chunk-0026.smt2,11.36,4.33
./QF_NRA/meti-tarski/sin/344/3/sin-344-3-chunk-0062.smt2,10.30,2.48
./QF_NRA/meti-tarski/sqrt/problem/12vars3/sqrt-problem-12vars3-chunk-0012.smt2,0.25,0.12
./QF_NRA/meti-tarski/sqrt/problem/13/sqrt1/sqrt-problem-13-sqrt1-chunk-0011.smt2,0.36,0.28
./QF_NRA/meti-tarski/sin/344/3/sin-344-3-chunk-0046.smt2,15.40,4.52
./QF_NRA/meti-tarski/sin/344/4/sin-344-4-chunk-0034.smt2,20.72,5.85
./QF_NRA/meti-tarski/sqrt/problem/13/sqrt-problem-13-chunk-0019.smt2,0.54,1.04
./QF_NRA/meti-tarski/sin/344/3/sin-344-3-weak-chunk-0036.smt2,5.02,2.94
./QF_NRA/meti-tarski/sqrt/problem/sqrt-problem-Melquiond3-chunk-0019.smt2,0.32,0.22
./QF_NRA/meti-tarski/sin/344/3/sin-344-3-weak-chunk-0049.smt2,5.47,1.06
./QF_NRA/meti-tarski/sqrt/problem/13/sqrt1/sqrt-problem-13-sqrt1-chunk-0053.smt2,1.36,0.69
./QF_NRA/meti-tarski/polypaver/bench-sqrt-3d/polypaver-bench-sqrt-3d-chunk-0444.smt2,33.29,74.90
./QF_NRA/meti-tarski/sqrt/1mcosq/8/sqrt-1mcosq-8-chunk-0316.smt2,1.35,0.30
./QF_NRA/meti-tarski/sqrt/1mcosq/8/sqrt-1mcosq-8-chunk-0322.smt2,1.68,1.02
./QF_NRA/meti-tarski/polypaver/bench-sqrt-3d/polypaver-bench-sqrt-3d-chunk-0364.smt2,10.18,54.96
./QF_NRA/meti-tarski/sqrt/1mcosq/8/sqrt-1mcosq-8-chunk-0721.smt2,2.90,0.65
./QF_NRA/meti-tarski/sin/344/3/sin-344-3-weak-chunk-0020.smt2,7.90,5.39
./QF_NRA/meti-tarski/sqrt/1mcosq/8/sqrt-1mcosq-8-chunk-0658.smt2,3.34,1.39
./QF_NRA/meti-tarski/sqrt/1mcosq/8/sqrt-1mcosq-8-chunk-0043.smt2,1.02,0.85
./QF_NRA/meti-tarski/sqrt/1mcosq/8/sqrt-1mcosq-8-chunk-0702.smt2,4.95,1.68
./QF_NRA/meti-tarski/sin/344/3/sin-344-3-chunk-0048.smt2,19.91,4.64
./QF_NRA/meti-tarski/sqrt/1mcosq/8/sqrt-1mcosq-8-chunk-0530.smt2,5.53,1.13
./QF_NRA/meti-tarski/sqrt/1mcosq/8/sqrt-1mcosq-8-chunk-0057.smt2,4.42,2.01
./QF_NRA/meti-tarski/polypaver/bench-sqrt-3d/polypaver-bench-sqrt-3d-chunk-0433.smt2,17.04,85.15
./QF_NRA/meti-tarski/sqrt/1mcosq/8/sqrt-1mcosq-8-chunk-0562.smt2,1.77,2.17
./QF_NRA/meti-tarski/sqrt/problem/12vars3/sqrt-problem-12vars3-chunk-0064.smt2,5.62,2.70
./QF_NRA/meti-tarski/sqrt/1mcosq/8/sqrt-1mcosq-8-chunk-0319.smt2,3.89,0.66
./QF_NRA/meti-tarski/sqrt/circles/2/sqrt-circles-2-chunk-0002.smt2,1.18,0.22
./QF_NRA/meti-tarski/sqrt/1mcosq/8/sqrt-1mcosq-8-chunk-0520.smt2,1.39,0.68
./QF_NRA/meti-tarski/sin/344/3/sin-344-3-chunk-0025.smt2,7.79,3.48
./QF_NRA/meti-tarski/Lyapunov/Lyapunov1a-chunk-0021.smt2,36.76,6.97
./QF_NRA/meti-tarski/sqrt/circles/2/sqrt-circles-2-chunk-0005.smt2,1.21,0.47
./QF_NRA/meti-tarski/sin/344/3/sin-344-3-chunk-0018.smt2,7.03,7.01
./QF_NRA/meti-tarski/polypaver/bench-sqrt-3d/polypaver-bench-sqrt-3d-chunk-0464.smt2,8.91,114.81
./QF_NRA/meti-tarski/Chua/1/VC2/U/Chua-1-VC2-U-chunk-0062.smt2,0.55,0.30
./QF_NRA/meti-tarski/sin/344/3/sin-344-3-chunk-0020.smt2,10.41,5.52
./QF_NRA/meti-tarski/sqrt/1mcosq/8/sqrt-1mcosq-8-chunk-0052.smt2,3.04,2.46
./QF_NRA/meti-tarski/sqrt/circles/3/sqrt-circles-3-chunk-0008.smt2,1.33,0.25
./QF_NRA/meti-tarski/sqrt/1mcosq/8/sqrt-1mcosq-8-chunk-0068.smt2,7.39,2.57
./QF_NRA/meti-tarski/Chua/1/VC2/U/Chua-1-VC2-U-chunk-0060.smt2,0.51,0.28
./QF_NRA/meti-tarski/Chua/1/VC2/U/Chua-1-VC2-U-chunk-0161.smt2,1.11,0.50
./QF_NRA/meti-tarski/sin/344/4/sin-344-4-chunk-0031.smt2,25.74,9.25
./QF_NRA/meti-tarski/Chua/1/VC2/U/Chua-1-VC2-U-chunk-0018.smt2,0.53,0.21
./QF_NRA/meti-tarski/Chua/1/VC2/U/Chua-1-VC2-U-chunk-0037.smt2,0.69,0.43
./QF_NRA/meti-tarski/Chua/1/VC2/U/Chua-1-VC2-U-chunk-0041.smt2,1.74,0.26
./QF_NRA/meti-tarski/sqrt/circles/2/sqrt-circles-2-chunk-0014.smt2,3.21,0.72
./QF_NRA/meti-tarski/Chua/1/IL/U/Chua-1-IL-U-chunk-0024.smt2,0.41,0.17
./QF_NRA/meti-tarski/Chua/1/VC2/U/Chua-1-VC2-U-chunk-0157.smt2,2.32,0.30
./QF_NRA/meti-tarski/Chua/1/IL/U/Chua-1-IL-U-chunk-0041.smt2,0.54,0.20
./QF_NRA/meti-tarski/sqrt/1mcosq/8/sqrt-1mcosq-8-chunk-0699.smt2,3.73,2.71
./QF_NRA/meti-tarski/Chua/1/VC2/L/Chua-1-VC2-L-chunk-0021.smt2,0.91,0.66
./QF_NRA/meti-tarski/Chua/1/IL/U/Chua-1-IL-U-chunk-0032.smt2,0.57,0.23
./QF_NRA/meti-tarski/Chua/1/VC2/L/Chua-1-VC2-L-chunk-0055.smt2,1.29,0.18
./QF_NRA/meti-tarski/Chua/1/IL/L/Chua-1-IL-L-chunk-0102.smt2,0.49,0.30
./QF_NRA/meti-tarski/Chua/1/IL/L/Chua-1-IL-L-chunk-0041.smt2,0.30,0.14
./QF_NRA/meti-tarski/Chua/1/IL/L/Chua-1-IL-L-chunk-0036.smt2,0.44,0.18
./QF_NRA/meti-tarski/Chua/1/VC2/L/Chua-1-VC2-L-chunk-0024.smt2,1.71,0.16
./QF_NRA/meti-tarski/Chua/1/IL/L/Chua-1-IL-L-chunk-0016.smt2,0.34,0.19
./QF_NRA/meti-tarski/Chua/1/IL/L/Chua-1-IL-L-chunk-0088.smt2,0.46,0.17
./QF_NRA/meti-tarski/Chua/1/IL/L/Chua-1-IL-L-chunk-0031.smt2,0.77,0.30
./QF_NRA/meti-tarski/Chua/1/IL/L/Chua-1-IL-L-chunk-0052.smt2,0.49,0.17
./QF_NRA/meti-tarski/Chua/1/IL/L/Chua-1-IL-L-chunk-0113.smt2,0.27,0.10
./QF_NRA/meti-tarski/Chua/1/VC2/L/Chua-1-VC2-L-chunk-0019.smt2,1.57,0.58
./QF_NRA/meti-tarski/Chua/1/IL/L/Chua-1-IL-L-chunk-0044.smt2,0.27,0.15
./QF_NRA/meti-tarski/Chua/1/VC2/L/Chua-1-VC2-L-chunk-0037.smt2,1.68,0.64
./QF_NRA/meti-tarski/Chua/1/IL/L/Chua-1-IL-L-chunk-0037.smt2,0.39,0.23
./QF_NRA/meti-tarski/Chua/1/VC1/L/Chua-1-VC1-L-chunk-0110.smt2,0.41,0.18
./QF_NRA/meti-tarski/sin/344/3/sin-344-3-chunk-0059.smt2,26.09,9.92
./QF_NRA/meti-tarski/Chua/1/VC1/L/Chua-1-VC1-L-chunk-0054.smt2,0.47,0.26
./QF_NRA/meti-tarski/Chua/1/IL/U/Chua-1-IL-U-chunk-0037.smt2,1.68,0.55
./QF_NRA/meti-tarski/sqrt/1mcosq/8/sqrt-1mcosq-8-chunk-0527.smt2,4.66,3.53
./QF_NRA/meti-tarski/Chua/2/IL/L/Chua-2-IL-L-chunk-0022.smt2,0.28,0.05
./QF_NRA/meti-tarski/Chua/2/IL/L/Chua-2-IL-L-chunk-0036.smt2,0.12,0.01
./QF_NRA/meti-tarski/Chua/2/IL/L/Chua-2-IL-L-chunk-0005.smt2,0.31,0.15
./QF_NRA/meti-tarski/Chua/2/IL/L/Chua-2-IL-L-chunk-0018.smt2,0.36,0.10
./QF_NRA/meti-tarski/Chua/2/IL/L/Chua-2-IL-L-chunk-0021.smt2,0.23,0.05
./QF_NRA/meti-tarski/Chua/2/IL/L/Chua-2-IL-L-chunk-0032.smt2,0.24,0.06
./QF_NRA/meti-tarski/Chua/2/IL/L/Chua-2-IL-L-chunk-0011.smt2,0.26,0.04
./QF_NRA/meti-tarski/Chua/2/IL/L/Chua-2-IL-L-chunk-0060.smt2,0.20,0.03
./QF_NRA/meti-tarski/Chua/1/VC1/L/Chua-1-VC1-L-chunk-0068.smt2,0.39,0.84
./QF_NRA/meti-tarski/Chua/1/VC1/L/Chua-1-VC1-L-chunk-0037.smt2,0.61,0.74
./QF_NRA/meti-tarski/Chua/1/IL/L/Chua-1-IL-L-chunk-0053.smt2,2.19,0.86
./QF_NRA/meti-tarski/Chua/1/IL/L/Chua-1-IL-L-chunk-0071.smt2,1.83,0.31
./QF_NRA/meti-tarski/Chua/2/VC1/L/Chua-2-VC1-L-chunk-0023.smt2,0.30,0.25
./QF_NRA/meti-tarski/Chua/2/VC1/U/Chua-2-VC1-U-chunk-0116.smt2,0.46,0.33
./QF_NRA/meti-tarski/Chua/2/VC1/L/Chua-2-VC1-L-chunk-0028.smt2,0.77,0.33
./QF_NRA/meti-tarski/sin/344/4/sin-344-4-chunk-0022.smt2,34.95,6.15
./QF_NRA/meti-tarski/Chua/2/VC2/L/Chua-2-VC2-L-chunk-0040.smt2,1.68,0.72
./QF_NRA/meti-tarski/polypaver/bench-sqrt-3d/polypaver-bench-sqrt-3d-chunk-0450.smt2,87.51,43.33
./QF_NRA/meti-tarski/Chua/2/VC1/L/Chua-2-VC1-L-chunk-0038.smt2,0.74,0.86
./QF_NRA/meti-tarski/sqrt/circles/3/sqrt-circles-3-chunk-0022.smt2,4.51,2.74
./QF_NRA/meti-tarski/atan/problem/1/weak/atan-problem-1-weak-chunk-0012.smt2,0.20,0.10
./QF_NRA/meti-tarski/Chua/2/VC1/L/Chua-2-VC1-L-chunk-0031.smt2,0.33,0.24
./QF_NRA/meti-tarski/sqrt/circles/3/sqrt-circles-3-chunk-0013.smt2,4.81,2.89
./QF_NRA/meti-tarski/sin/344/3/sin-344-3-chunk-0058.smt2,7.84,27.14
./QF_NRA/meti-tarski/Chua/2/VC1/L/Chua-2-VC1-L-chunk-0036.smt2,0.97,0.62
./QF_NRA/meti-tarski/Chua/2/VC1/L/Chua-2-VC1-L-chunk-0042.smt2,1.45,0.68
./QF_NRA/meti-tarski/Chua/2/VC1/L/Chua-2-VC1-L-chunk-0085.smt2,1.73,0.31
./QF_NRA/meti-tarski/Chua/2/VC2/L/Chua-2-VC2-L-chunk-0042.smt2,2.52,1.04
./QF_NRA/meti-tarski/Chua/2/VC1/L/Chua-2-VC1-L-chunk-0048.smt2,0.65,0.72
./QF_NRA/meti-tarski/sin/344/3/sin-344-3-chunk-0067.smt2,19.13,4.99
./QF_NRA/meti-tarski/Chua/2/VC1/L/Chua-2-VC1-L-chunk-0029.smt2,0.79,0.87
./QF_NRA/meti-tarski/Chua/2/VC1/L/Chua-2-VC1-L-chunk-0037.smt2,1.63,0.84
./QF_NRA/meti-tarski/polypaver/bench-sqrt-3d/polypaver-bench-sqrt-3d-chunk-0458.smt2,7.02,106.31
./QF_NRA/meti-tarski/Chua/2/VC1/L/Chua-2-VC1-L-chunk-0027.smt2,2.07,0.99
./QF_NRA/meti-tarski/atan/problem/2/weak2/atan-problem-2-weak2-chunk-0013.smt2,0.29,0.32
./QF_NRA/meti-tarski/Chua/2/VC1/L/Chua-2-VC1-L-chunk-0099.smt2,2.43,1.45
./QF_NRA/meti-tarski/Chua/2/VC1/L/Chua-2-VC1-L-chunk-0061.smt2,2.98,1.20
./QF_NRA/meti-tarski/atan/problem/1/atan-problem-1-chunk-0033.smt2,1.61,0.87
./QF_NRA/meti-tarski/sqrt/1mcosq/8/sqrt-1mcosq-8-chunk-0061.smt2,6.97,4.58
./QF_NRA/meti-tarski/atan/problem/2/weak2/atan-problem-2-weak2-chunk-0088.smt2,1.69,0.39
./QF_NRA/meti-tarski/sqrt/circles/3/sqrt-circles-3-chunk-0015.smt2,5.44,5.18
./QF_NRA/meti-tarski/atan/problem/2/atan-problem-2-chunk-0011.smt2,2.09,0.68
./QF_NRA/meti-tarski/atan/problem/1/atan-problem-1-chunk-0091.smt2,1.39,1.83
./QF_NRA/meti-tarski/atan/problem/2/sqrt/atan-problem-2-sqrt-chunk-0031.smt2,0.30,0.27
./QF_NRA/meti-tarski/atan/problem/2/sqrt/atan-problem-2-sqrt-chunk-0035.smt2,0.54,0.18
./QF_NRA/meti-tarski/Chua/2/VC2/L/Chua-2-VC2-L-chunk-0056.smt2,5.51,1.17
./QF_NRA/meti-tarski/Lyapunov/Lyapunov1a-chunk-0020.smt2,49.79,6.07
./QF_NRA/meti-tarski/Chua/2/VC2/L/Chua-2-VC2-L-chunk-0054.smt2,5.32,1.95
./QF_NRA/meti-tarski/atan/problem/2/atan-problem-2-chunk-0119.smt2,2.83,1.71
./QF_NRA/meti-tarski/atan/problem/2/sqrt/weak/atan-problem-2-sqrt-weak-chunk-0080.smt2,0.36,0.21
./QF_NRA/meti-tarski/sqrt/circles/3/sqrt-circles-3-chunk-0016.smt2,6.40,5.57
./QF_NRA/meti-tarski/atan/problem/1/atan-problem-1-chunk-0053.smt2,3.58,1.54
./QF_NRA/meti-tarski/atan/problem/2/sqrt/weak/atan-problem-2-sqrt-weak-chunk-0069.smt2,0.82,0.36
./QF_NRA/meti-tarski/polypaver/bench-sqrt-3d/polypaver-bench-sqrt-3d-chunk-0461.smt2,12.14,105.37
./QF_NRA/meti-tarski/sin/344/3/sin-344-3-chunk-0057.smt2,27.47,3.85
./QF_NRA/meti-tarski/atan/problem/2/sqrt/weak/atan-problem-2-sqrt-weak-chunk-0025.smt2,0.65,0.31
./QF_NRA/meti-tarski/atan/problem/2/sqrt/weak/atan-problem-2-sqrt-weak-chunk-0063.smt2,1.66,0.44
./QF_NRA/meti-tarski/Chua/2/VC1/L/Chua-2-VC1-L-chunk-0071.smt2,5.41,3.29
./QF_NRA/meti-tarski/atan/problem/2/sqrt/weak/atan-problem-2-sqrt-weak-chunk-0081.smt2,1.21,0.79
./QF_NRA/meti-tarski/atan/problem/2/sqrt/weak/atan-problem-2-sqrt-weak-chunk-0051.smt2,2.47,1.07
./QF_NRA/meti-tarski/atan/problem/2/atan-problem-2-chunk-0109.smt2,0.32,0.18
./QF_NRA/meti-tarski/atan/problem/2/weak2/atan-problem-2-weak2-chunk-0095.smt2,5.19,1.43
./QF_NRA/meti-tarski/atan/problem/2/sqrt/weak/atan-problem-2-sqrt-weak-chunk-0043.smt2,1.90,0.76
./QF_NRA/meti-tarski/atan/problem/2/sqrt/weak/atan-problem-2-sqrt-weak-chunk-0077.smt2,1.56,0.67
./QF_NRA/meti-tarski/sin/344/3/sin-344-3-chunk-0050.smt2,13.78,13.64
./QF_NRA/meti-tarski/atan/problem/2/weakT/atan-problem-2-weakT-chunk-0040.smt2,0.61,0.74
./QF_NRA/meti-tarski/atan/problem/2/weak/atan-problem-2-weak-chunk-0009.smt2,4.59,2.15
./QF_NRA/meti-tarski/polypaver/bench-sqrt-3d/polypaver-bench-sqrt-3d-chunk-0483.smt2,11.04,127.15
./QF_NRA/meti-tarski/atan/problem/2/sqrt/weak/atan-problem-2-sqrt-weak-chunk-0083.smt2,4.05,1.70
./QF_NRA/meti-tarski/atan/problem/2/weak/atan-problem-2-weak-chunk-0190.smt2,4.81,1.97
./QF_NRA/meti-tarski/atan/problem/2/sqrt/weak/atan-problem-2-sqrt-weak-chunk-0050.smt2,3.25,0.86
./QF_NRA/meti-tarski/atan/problem/2/sqrt/atan-problem-2-sqrt-chunk-0025.smt2,2.03,0.88
./QF_NRA/meti-tarski/atan/problem/2/weak2/atan-problem-2-weak2-chunk-0057.smt2,6.89,1.87
./QF_NRA/meti-tarski/sin/344/3/sin-344-3-chunk-0040.smt2,21.84,8.85
./QF_NRA/meti-tarski/atan/problem/2/sqrt/atan-problem-2-sqrt-chunk-0041.smt2,5.49,1.78
./QF_NRA/meti-tarski/atan/problem/2/sqrt/weak/atan-problem-2-sqrt-weak-chunk-0086.smt2,4.02,1.73
./QF_NRA/meti-tarski/atan/problem/2/weak2/atan-problem-2-weak2-chunk-0068.smt2,6.33,3.64
./QF_NRA/meti-tarski/atan/problem/2/sqrt/weak/atan-problem-2-sqrt-weak-chunk-0078.smt2,4.67,1.35
./QF_NRA/meti-tarski/atan/problem/2/weak/atan-problem-2-weak-chunk-0136.smt2,7.05,1.33
./QF_NRA/meti-tarski/atan/problem/2/weak2/atan-problem-2-weak2-chunk-0063.smt2,7.12,3.61
./QF_NRA/meti-tarski/atan/problem/2/atan-problem-2-chunk-0012.smt2,2.35,1.79
./QF_NRA/meti-tarski/polypaver/bench-sqrt-3d/polypaver-bench-sqrt-3d-chunk-0404.smt2,15.27,90.58
./QF_NRA/meti-tarski/atan/problem/2/weak2/atan-problem-2-weak2-chunk-0067.smt2,7.22,3.49
./QF_NRA/meti-tarski/atan/problem/2/weak2/atan-problem-2-weak2-chunk-0049.smt2,8.41,3.49
./QF_NRA/meti-tarski/atan/problem/2/weak2/atan-problem-2-weak2-chunk-0078.smt2,9.67,2.20
./QF_NRA/meti-tarski/sin/344/3/sin-344-3-weak-chunk-0018.smt2,34.59,3.89
./QF_NRA/meti-tarski/sin/344/3/sin-344-3-chunk-0069.smt2,38.13,7.26
./QF_NRA/meti-tarski/atan/problem/2/weak2/atan-problem-2-weak2-chunk-0137.smt2,9.05,4.53
./QF_NRA/meti-tarski/atan/vega/3/atan-vega-3-chunk-0395.smt2,0.72,5.25
./QF_NRA/meti-tarski/atan/vega/3/atan-vega-3-chunk-0403.smt2,5.33,2.89
./QF_NRA/meti-tarski/atan/problem/2/weak2/atan-problem-2-weak2-chunk-0070.smt2,10.56,5.57
./QF_NRA/meti-tarski/atan/vega/3/atan-vega-3-chunk-0369.smt2,2.84,3.19
./QF_NRA/meti-tarski/atan/vega/3/atan-vega-3-chunk-0127.smt2,1.95,6.94
./QF_NRA/meti-tarski/atan/problem/2/weak2/atan-problem-2-weak2-chunk-0065.smt2,15.25,2.89
./QF_NRA/meti-tarski/atan/vega/3/atan-vega-3-chunk-0502.smt2,6.65,5.02
./QF_NRA/meti-tarski/sin/344/3/sin-344-3-chunk-0060.smt2,17.44,24.55
./QF_NRA/meti-tarski/sqrt/1mcosq/8/sqrt-1mcosq-8-chunk-0558.smt2,23.91,5.21
./QF_NRA/meti-tarski/atan/vega/3/atan-vega-3-chunk-0151.smt2,5.79,5.21
./QF_NRA/meti-tarski/Lyapunov/Lyapunov1a-chunk-0014.smt2,79.88,1.36
./QF_NRA/meti-tarski/atan/problem/2/weak2/atan-problem-2-weak2-chunk-0074.smt2,15.79,4.26
./QF_NRA/meti-tarski/atan/vega/3/atan-vega-3-chunk-0346.smt2,9.33,5.08
./QF_NRA/meti-tarski/atan/vega/3/atan-vega-3-chunk-0440.smt2,7.42,5.66
./QF_NRA/meti-tarski/atan/vega/3/atan-vega-3-chunk-0451.smt2,6.08,5.24
./QF_NRA/meti-tarski/atan/vega/3/atan-vega-3-chunk-0034.smt2,0.36,0.22
./QF_NRA/meti-tarski/atan/problem/2/sqrt/atan-problem-2-sqrt-chunk-0044.smt2,11.82,5.31
./QF_NRA/meti-tarski/atan/vega/3/atan-vega-3-chunk-0401.smt2,6.53,4.82
./QF_NRA/meti-tarski/atan/vega/3/atan-vega-3-chunk-0540.smt2,10.06,6.55
./QF_NRA/meti-tarski/atan/problem/2/sqrt/atan-problem-2-sqrt-chunk-0047.smt2,17.98,4.92
./QF_NRA/meti-tarski/polypaver/bench-sqrt-3d/polypaver-bench-sqrt-3d-chunk-0442.smt2,31.87,84.41
./QF_NRA/meti-tarski/polypaver/bench-sqrt-3d/polypaver-bench-sqrt-3d-chunk-0477.smt2,12.62,148.10
./QF_NRA/meti-tarski/atan/vega/3/atan-vega-3-chunk-0578.smt2,5.66,2.04
./QF_NRA/meti-tarski/atan/vega/3/atan-vega-3-chunk-0459.smt2,4.69,3.18
./QF_NRA/meti-tarski/atan/vega/3/atan-vega-3-chunk-0317.smt2,14.46,7.67
./QF_NRA/meti-tarski/atan/vega/3/atan-vega-3-chunk-0514.smt2,10.31,6.17
./QF_NRA/meti-tarski/atan/vega/3/atan-vega-3-chunk-0145.smt2,1.05,4.89
./QF_NRA/meti-tarski/atan/vega/3/atan-vega-3-chunk-0298.smt2,4.64,17.15
./QF_NRA/meti-tarski/atan/vega/3/atan-vega-3-chunk-0483.smt2,1.24,11.70
./QF_NRA/meti-tarski/atan/vega/3/atan-vega-3-chunk-0045.smt2,0.60,0.64
./QF_NRA/meti-tarski/atan/vega/3/atan-vega-3-chunk-0229.smt2,14.03,6.57
./QF_NRA/meti-tarski/atan/vega/3/atan-vega-3-chunk-0397.smt2,7.38,4.72
./QF_NRA/meti-tarski/polypaver/bench-sqrt-3d/polypaver-bench-sqrt-3d-chunk-0314.smt2,151.84,3.80
./QF_NRA/meti-tarski/atan/vega/3/atan-vega-3-chunk-0138.smt2,5.21,2.75
./QF_NRA/meti-tarski/atan/vega/3/atan-vega-3-chunk-0027.smt2,0.23,0.12
./QF_NRA/meti-tarski/atan/vega/3/atan-vega-3-chunk-0601.smt2,11.99,11.28
./QF_NRA/meti-tarski/polypaver/bench-sqrt-3d/polypaver-bench-sqrt-3d-chunk-0439.smt2,13.12,102.12
./QF_NRA/meti-tarski/atan/vega/3/atan-vega-3-chunk-0501.smt2,7.72,10.24
./QF_NRA/meti-tarski/atan/vega/3/atan-vega-3-chunk-0162.smt2,0.99,21.34
./QF_NRA/zankl/matrix-1-all-6.smt2,85.48,95.25
./QF_NRA/meti-tarski/atan/vega/3/atan-vega-3-chunk-0084.smt2,0.58,0.20
./QF_NRA/meti-tarski/atan/vega/3/atan-vega-3-chunk-0475.smt2,7.87,3.51
./QF_NRA/meti-tarski/atan/vega/3/atan-vega-3-chunk-0454.smt2,8.36,5.82
./QF_NRA/meti-tarski/atan/vega/3/atan-vega-3-chunk-0318.smt2,8.79,5.87
./QF_NRA/meti-tarski/atan/vega/3/atan-vega-3-chunk-0118.smt2,8.19,5.58
./QF_NRA/meti-tarski/atan/vega/3/atan-vega-3-chunk-0476.smt2,6.31,23.20
./QF_NRA/meti-tarski/atan/vega/3/atan-vega-3-chunk-0557.smt2,6.12,6.03
./QF_NRA/meti-tarski/atan/vega/3/atan-vega-3-chunk-0126.smt2,12.05,3.55
./QF_NRA/meti-tarski/atan/vega/3/atan-vega-3-chunk-0472.smt2,21.35,6.44
./QF_NRA/meti-tarski/atan/vega/3/atan-vega-3-chunk-0238.smt2,13.15,13.93
./QF_NRA/meti-tarski/atan/vega/3/atan-vega-3-chunk-0505.smt2,8.83,27.31
./QF_NRA/meti-tarski/atan/vega/3/atan-vega-3-chunk-0112.smt2,8.74,4.97
./QF_NRA/meti-tarski/polypaver/bench-sqrt-3d/polypaver-bench-sqrt-3d-chunk-0452.smt2,18.01,162.73
./QF_NRA/meti-tarski/atan/vega/3/atan-vega-3-chunk-0048.smt2,3.89,2.03
./QF_NRA/meti-tarski/atan/vega/3/atan-vega-3-chunk-0387.smt2,30.66,16.67
./QF_NRA/meti-tarski/atan/vega/3/atan-vega-3-chunk-0497.smt2,11.16,6.72
./QF_NRA/meti-tarski/atan/vega/3/atan-vega-3-chunk-0433.smt2,10.72,36.75
./QF_NRA/meti-tarski/polypaver/bench-sqrt-3d/polypaver-bench-sqrt-3d-chunk-0473.smt2,17.38,163.16
./QF_NRA/meti-tarski/polypaver/bench-exp-3d/polypaver-bench-exp-3d-chunk-0148.smt2,119.20,16.52
./QF_NRA/meti-tarski/atan/vega/3/atan-vega-3-chunk-0365.smt2,32.01,12.67
./QF_NRA/meti-tarski/atan/vega/3/atan-vega-3-chunk-0590.smt2,15.89,50.83
./QF_NRA/meti-tarski/atan/vega/3/atan-vega-3-chunk-0210.smt2,7.08,6.52
./QF_NRA/meti-tarski/atan/vega/3/atan-vega-3-chunk-0073.smt2,6.55,4.90
./QF_NRA/meti-tarski/atan/vega/3/atan-vega-3-chunk-0481.smt2,10.64,7.40
./QF_NRA/meti-tarski/atan/vega/3/atan-vega-3-chunk-0543.smt2,7.76,5.98
./QF_NRA/meti-tarski/atan/vega/3/atan-vega-3-chunk-0513.smt2,23.54,40.47
./QF_NRA/meti-tarski/atan/vega/3/atan-vega-3-chunk-0252.smt2,11.68,21.37
./QF_NRA/meti-tarski/polypaver/bench-sqrt-3d/polypaver-bench-sqrt-3d-chunk-0506.smt2,19.64,173.84
./QF_NRA/meti-tarski/atan/vega/3/atan-vega-3-chunk-0529.smt2,28.48,20.01
./QF_NRA/meti-tarski/polypaver/bench-exp-3d/polypaver-bench-exp-3d-chunk-0029.smt2,136.45,14.78
./QF_NRA/meti-tarski/atan/vega/3/atan-vega-3-chunk-0273.smt2,0.70,0.33
./QF_NRA/meti-tarski/atan/vega/3/atan-vega-3-chunk-0499.smt2,11.08,23.75
./QF_NRA/meti-tarski/polypaver/bench-sqrt-3d/polypaver-bench-sqrt-3d-chunk-0457.smt2,93.06,104.19
./QF_NRA/meti-tarski/polypaver/bench-sqrt-3d/polypaver-bench-sqrt-3d-chunk-0468.smt2,12.49,174.21
./QF_NRA/meti-tarski/atan/vega/3/atan-vega-3-chunk-0128.smt2,5.11,3.09
./QF_NRA/meti-tarski/atan/vega/3/atan-vega-3-chunk-0331.smt2,7.25,21.16
./QF_NRA/zankl/matrix-1-all-26.smt2,170.00,57.28
./QF_NRA/meti-tarski/atan/vega/3/atan-vega-3-chunk-0581.smt2,39.81,32.51
./QF_NRA/meti-tarski/atan/vega/3/atan-vega-3-chunk-0322.smt2,13.97,8.55
./QF_NRA/meti-tarski/polypaver/bench-exp-3d/polypaver-bench-exp-3d-chunk-0023.smt2,143.94,16.80
./QF_NRA/meti-tarski/atan/vega/3/atan-vega-3-chunk-0640.smt2,55.59,25.37
./QF_NRA/meti-tarski/atan/vega/3/atan-vega-3-chunk-0415.smt2,5.59,6.42
./QF_NRA/meti-tarski/atan/vega/3/atan-vega-3-chunk-0109.smt2,9.25,1.89
./QF_NRA/meti-tarski/sin/344/4/sin-344-4-chunk-0024.smt2,73.43,60.90
./QF_NRA/meti-tarski/atan/vega/3/atan-vega-3-chunk-0428.smt2,57.11,21.04
./QF_NRA/meti-tarski/atan/vega/3/atan-vega-3-chunk-0467.smt2,57.47,25.07
./QF_NRA/meti-tarski/atan/vega/3/atan-vega-3-chunk-0216.smt2,1.77,0.73
./QF_NRA/meti-tarski/atan/vega/3/atan-vega-3-chunk-0207.smt2,0.93,0.70
./QF_NRA/meti-tarski/atan/vega/3/atan-vega-3-chunk-0592.smt2,57.13,13.36
./QF_NRA/meti-tarski/atan/vega/3/atan-vega-3-chunk-0596.smt2,7.68,2.65
./QF_NRA/meti-tarski/atan/vega/3/atan-vega-3-chunk-0218.smt2,37.28,53.42
./QF_NRA/meti-tarski/atan/vega/3/atan-vega-3-chunk-0168.smt2,16.19,9.50
./QF_NRA/meti-tarski/atan/vega/3/atan-vega-3-chunk-0463.smt2,25.21,11.49
./QF_NRA/meti-tarski/atan/vega/3/atan-vega-3-chunk-0335.smt2,23.87,5.65
./QF_NRA/meti-tarski/atan/vega/3/atan-vega-3-chunk-0192.smt2,1.22,0.38
./QF_NRA/meti-tarski/atan/vega/3/atan-vega-3-chunk-0134.smt2,6.60,5.64
./QF_NRA/meti-tarski/atan/vega/3/atan-vega-3-chunk-0535.smt2,38.84,25.04
./QF_NRA/meti-tarski/polypaver/bench-sqrt-3d/polypaver-bench-sqrt-3d-chunk-0470.smt2,37.93,145.04
./QF_NRA/meti-tarski/atan/vega/3/atan-vega-3-chunk-0344.smt2,8.80,7.14
./QF_NRA/meti-tarski/atan/vega/3/atan-vega-3-chunk-0031.smt2,0.64,0.20
./QF_NRA/meti-tarski/atan/vega/3/atan-vega-3-chunk-0478.smt2,7.17,22.48
./QF_NRA/meti-tarski/atan/vega/3/atan-vega-3-chunk-0595.smt2,10.49,6.36
./QF_NRA/meti-tarski/atan/vega/3/atan-vega-3-chunk-0544.smt2,37.43,12.55
./QF_NRA/meti-tarski/atan/vega/3/atan-vega-3-chunk-0383.smt2,37.04,19.21
./QF_NRA/meti-tarski/atan/vega/3/atan-vega-3-chunk-0484.smt2,12.23,5.83
./QF_NRA/meti-tarski/atan/vega/3/weak/atan-vega-3-weak-chunk-0288.smt2,1.03,0.84
./QF_NRA/meti-tarski/atan/vega/3/atan-vega-3-chunk-0421.smt2,18.98,14.13
./QF_NRA/meti-tarski/atan/vega/3/atan-vega-3-chunk-0351.smt2,35.97,8.14
./QF_NRA/meti-tarski/atan/vega/3/atan-vega-3-chunk-0424.smt2,6.42,7.50
./QF_NRA/meti-tarski/atan/vega/3/atan-vega-3-chunk-0100.smt2,5.61,1.77
./QF_NRA/meti-tarski/atan/vega/3/atan-vega-3-chunk-0333.smt2,42.09,6.10
./QF_NRA/meti-tarski/atan/vega/3/atan-vega-3-chunk-0399.smt2,48.94,51.90
./QF_NRA/meti-tarski/atan/vega/3/atan-vega-3-chunk-0119.smt2,6.33,2.53
./QF_NRA/meti-tarski/atan/vega/3/weak/atan-vega-3-weak-chunk-0584.smt2,3.47,0.62
./QF_NRA/meti-tarski/atan/vega/3/weak/atan-vega-3-weak-chunk-0508.smt2,0.82,0.93
./QF_NRA/meti-tarski/atan/vega/3/atan-vega-3-chunk-0600.smt2,12.84,8.13
./QF_NRA/meti-tarski/atan/vega/3/weak/atan-vega-3-weak-chunk-0566.smt2,2.22,1.01
./QF_NRA/meti-tarski/atan/vega/3/atan-vega-3-chunk-0548.smt2,16.87,15.44
./QF_NRA/meti-tarski/atan/vega/3/atan-vega-3-chunk-0393.smt2,9.41,2.29
./QF_NRA/meti-tarski/atan/vega/3/atan-vega-3-chunk-0597.smt2,9.22,26.03
./QF_NRA/meti-tarski/atan/vega/3/weak/atan-vega-3-weak-chunk-0268.smt2,2.02,2.13
./QF_NRA/meti-tarski/polypaver/bench-sqrt-3d/polypaver-bench-sqrt-3d-chunk-0320.smt2,243.27,3.80
./QF_NRA/meti-tarski/atan/vega/3/weak/atan-vega-3-weak-chunk-0267.smt2,4.56,2.35
./QF_NRA/meti-tarski/atan/vega/3/weak/atan-vega-3-weak-chunk-0617.smt2,2.54,0.92
./QF_NRA/meti-tarski/atan/vega/3/weak/atan-vega-3-weak-chunk-0700.smt2,4.67,2.77
./QF_NRA/meti-tarski/atan/vega/3/atan-vega-3-chunk-0425.smt2,7.38,3.47
./QF_NRA/meti-tarski/atan/vega/3/atan-vega-3-chunk-0458.smt2,11.82,6.73
./QF_NRA/meti-tarski/atan/vega/3/weak/atan-vega-3-weak-chunk-0610.smt2,2.19,0.95
./QF_NRA/meti-tarski/atan/vega/3/weak/atan-vega-3-weak-chunk-0191.smt2,2.98,1.36
./QF_NRA/meti-tarski/atan/vega/3/weak/atan-vega-3-weak-chunk-0405.smt2,3.84,1.52
./QF_NRA/meti-tarski/atan/vega/3/weak/atan-vega-3-weak-chunk-0643.smt2,1.97,2.30
./QF_NRA/meti-tarski/atan/vega/3/atan-vega-3-chunk-0164.smt2,8.06,80.85
./QF_NRA/meti-tarski/atan/vega/3/weak/atan-vega-3-weak-chunk-0594.smt2,2.04,1.98
./QF_NRA/meti-tarski/atan/vega/3/weak/atan-vega-3-weak-chunk-0253.smt2,4.05,1.95
./QF_NRA/meti-tarski/atan/vega/3/weak/atan-vega-3-weak-chunk-0401.smt2,1.76,0.99
./QF_NRA/meti-tarski/atan/vega/3/atan-vega-3-chunk-0531.smt2,78.44,35.51
./QF_NRA/meti-tarski/atan/vega/3/weak/atan-vega-3-weak-chunk-0298.smt2,1.53,0.95
./QF_NRA/meti-tarski/atan/vega/3/weak/atan-vega-3-weak-chunk-0633.smt2,8.08,4.42
./QF_NRA/meti-tarski/atan/vega/3/weak/atan-vega-3-weak-chunk-0126.smt2,0.81,0.71
./QF_NRA/meti-tarski/atan/vega/3/weak/atan-vega-3-weak-chunk-0497.smt2,4.25,3.91
./QF_NRA/meti-tarski/atan/vega/3/weak/atan-vega-3-weak-chunk-0116.smt2,2.00,0.93
./QF_NRA/meti-tarski/atan/vega/3/atan-vega-3-chunk-0348.smt2,36.74,13.78
./QF_NRA/meti-tarski/atan/vega/3/atan-vega-3-chunk-0180.smt2,24.04,95.93
./QF_NRA/meti-tarski/atan/vega/3/atan-vega-3-chunk-0438.smt2,22.21,9.35
./QF_NRA/meti-tarski/atan/vega/3/weak/atan-vega-3-weak-chunk-0484.smt2,0.90,0.89
./QF_NRA/meti-tarski/atan/vega/3/weak/atan-vega-3-weak-chunk-0467.smt2,1.88,2.43
./QF_NRA/meti-tarski/atan/vega/3/weak/atan-vega-3-weak-chunk-0471.smt2,4.56,6.79
./QF_NRA/meti-tarski/atan/vega/3/atan-vega-3-chunk-0571.smt2,61.48,45.24
./QF_NRA/meti-tarski/atan/vega/3/weak/atan-vega-3-weak-chunk-0348.smt2,3.37,2.38
./QF_NRA/meti-tarski/polypaver/bench-sqrt-3d/polypaver-bench-sqrt-3d-chunk-0508.smt2,52.44,193.28
./QF_NRA/meti-tarski/atan/vega/3/weak/atan-vega-3-weak-chunk-0136.smt2,0.91,0.31
./QF_NRA/meti-tarski/atan/vega/3/atan-vega-3-chunk-0563.smt2,46.81,77.69
./QF_NRA/meti-tarski/atan/vega/3/weak/atan-vega-3-weak-chunk-0487.smt2,0.95,1.08
./QF_NRA/meti-tarski/atan/vega/3/weak/atan-vega-3-weak-chunk-0489.smt2,2.54,1.08
./QF_NRA/meti-tarski/atan/vega/3/weak/atan-vega-3-weak-chunk-0316.smt2,4.39,2.30
./QF_NRA/meti-tarski/atan/vega/3/weak/atan-vega-3-weak-chunk-0409.smt2,1.14,2.82
./QF_NRA/meti-tarski/atan/vega/3/weak/atan-vega-3-weak-chunk-0252.smt2,2.03,0.89
./QF_NRA/meti-tarski/atan/vega/3/atan-vega-3-chunk-0336.smt2,26.70,14.66
./QF_NRA/meti-tarski/atan/vega/3/weak/atan-vega-3-weak-chunk-0577.smt2,3.93,1.71
./QF_NRA/meti-tarski/atan/vega/3/weak/atan-vega-3-weak-chunk-0602.smt2,1.86,0.79
./QF_NRA/meti-tarski/atan/vega/3/weak/atan-vega-3-weak-chunk-0279.smt2,16.92,8.69
./QF_NRA/meti-tarski/atan/vega/3/weak/atan-vega-3-weak-chunk-0638.smt2,13.30,6.15
./QF_NRA/meti-tarski/atan/vega/3/atan-vega-3-chunk-0566.smt2,32.87,9.65
./QF_NRA/meti-tarski/atan/vega/3/atan-vega-3-chunk-0176.smt2,16.53,16.99
./QF_NRA/meti-tarski/atan/vega/3/weak/atan-vega-3-weak-chunk-0697.smt2,1.99,2.01
./QF_NRA/meti-tarski/atan/vega/3/weak/atan-vega-3-weak-chunk-0133.smt2,18.18,5.96
./QF_NRA/meti-tarski/atan/vega/3/weak/atan-vega-3-weak-chunk-0214.smt2,7.22,5.54
./QF_NRA/meti-tarski/atan/vega/3/weak/atan-vega-3-weak-chunk-0640.smt2,1.47,1.97
./QF_NRA/meti-tarski/atan/vega/3/weak/atan-vega-3-weak-chunk-0274.smt2,5.62,10.72
./QF_NRA/meti-tarski/atan/vega/3/weak/atan-vega-3-weak-chunk-0264.smt2,3.99,2.15
./QF_NRA/meti-tarski/atan/vega/3/weak/atan-vega-3-weak-chunk-0114.smt2,1.25,0.73
./QF_NRA/meti-tarski/atan/vega/3/weak/atan-vega-3-weak-chunk-0463.smt2,23.23,3.91
./QF_NRA/meti-tarski/atan/vega/3/weak/atan-vega-3-weak-chunk-0250.smt2,1.66,1.09
./QF_NRA/meti-tarski/atan/vega/3/weak/atan-vega-3-weak-chunk-0625.smt2,5.49,2.78
./QF_NRA/meti-tarski/atan/vega/3/weak/atan-vega-3-weak-chunk-0428.smt2,1.45,1.01
./QF_NRA/meti-tarski/atan/vega/3/weak/atan-vega-3-weak-chunk-0160.smt2,0.67,0.62
./QF_NRA/meti-tarski/atan/vega/3/weak/atan-vega-3-weak-chunk-0232.smt2,19.05,5.58
./QF_NRA/meti-tarski/atan/vega/3/weak/atan-vega-3-weak-chunk-0360.smt2,9.68,6.20
./QF_NRA/meti-tarski/atan/vega/3/atan-vega-3-chunk-0363.smt2,44.61,9.42
./QF_NRA/meti-tarski/atan/vega/3/weak/atan-vega-3-weak-chunk-0351.smt2,0.71,0.83
./QF_NRA/meti-tarski/atan/vega/3/weak/atan-vega-3-weak-chunk-0151.smt2,1.38,0.73
./QF_NRA/meti-tarski/atan/vega/3/weak/atan-vega-3-weak-chunk-0486.smt2,0.74,1.02
./QF_NRA/meti-tarski/atan/vega/3/weak/atan-vega-3-weak-chunk-0420.smt2,0.64,0.93
./QF_NRA/meti-tarski/atan/vega/3/atan-vega-3-chunk-0400.smt2,13.05,39.49
./QF_NRA/meti-tarski/atan/vega/3/weak/atan-vega-3-weak-chunk-0477.smt2,21.47,8.16
./QF_NRA/meti-tarski/atan/vega/3/weak/atan-vega-3-weak-chunk-0622.smt2,6.25,3.25
./QF_NRA/meti-tarski/atan/vega/3/weak/atan-vega-3-weak-chunk-0440.smt2,26.13,7.78
./QF_NRA/meti-tarski/atan/vega/3/weak/atan-vega-3-weak-chunk-0158.smt2,1.59,0.60
./QF_NRA/meti-tarski/atan/vega/3/weak/atan-vega-3-weak-chunk-0287.smt2,11.18,3.82
./QF_NRA/meti-tarski/atan/vega/3/weak/atan-vega-3-weak-chunk-0202.smt2,1.87,0.75
./QF_NRA/meti-tarski/atan/vega/3/weak/atan-vega-3-weak-chunk-0609.smt2,4.67,2.67
./QF_NRA/meti-tarski/atan/vega/3/weak/atan-vega-3-weak-chunk-0181.smt2,0.83,0.53
./QF_NRA/meti-tarski/atan/vega/3/weak/atan-vega-3-weak-chunk-0539.smt2,1.57,2.64
./QF_NRA/meti-tarski/atan/vega/3/weak/atan-vega-3-weak-chunk-0189.smt2,33.20,7.88
./QF_NRA/meti-tarski/atan/vega/3/atan-vega-3-chunk-0518.smt2,47.26,9.79
./QF_NRA/meti-tarski/atan/vega/3/weak/atan-vega-3-weak-chunk-0506.smt2,4.59,2.47
./QF_NRA/meti-tarski/atan/vega/3/weak/atan-vega-3-weak-chunk-0490.smt2,7.13,3.89
./QF_NRA/meti-tarski/atan/vega/3/weak/atan-vega-3-weak-chunk-0164.smt2,8.56,7.06
./QF_NRA/meti-tarski/atan/vega/3/weak/atan-vega-3-weak-chunk-0589.smt2,1.60,1.05
./QF_NRA/meti-tarski/atan/vega/3/weak/atan-vega-3-weak-chunk-0337.smt2,16.83,5.56
./QF_NRA/meti-tarski/atan/vega/3/atan-vega-3-chunk-0201.smt2,6.30,99.73
./QF_NRA/meti-tarski/atan/vega/3/weak/atan-vega-3-weak-chunk-0555.smt2,1.86,2.91
./QF_NRA/meti-tarski/atan/vega/3/weak/atan-vega-3-weak-chunk-0192.smt2,9.01,4.56
./QF_NRA/meti-tarski/atan/vega/3/weak/atan-vega-3-weak-chunk-0290.smt2,4.03,1.38
./QF_NRA/meti-tarski/atan/vega/3/weak/atan-vega-3-weak-chunk-0338.smt2,13.19,7.29
./QF_NRA/meti-tarski/atan/vega/3/weak/atan-vega-3-weak-chunk-0208.smt2,3.58,9.99
./QF_NRA/meti-tarski/atan/vega/3/weak/atan-vega-3-weak-chunk-0150.smt2,1.25,1.94
./QF_NRA/meti-tarski/polypaver/bench-sqrt-3d/polypaver-bench-sqrt-3d-chunk-0495.smt2,27.84,235.13
./QF_NRA/meti-tarski/atan/vega/3/weak/atan-vega-3-weak-chunk-0144.smt2,10.08,5.00
./QF_NRA/meti-tarski/atan/vega/3/weak/atan-vega-3-weak-chunk-0402.smt2,3.19,2.73
./QF_NRA/meti-tarski/atan/vega/3/weak/atan-vega-3-weak-chunk-0485.smt2,4.69,2.13
./QF_NRA/meti-tarski/atan/vega/3/weak/atan-vega-3-weak-chunk-0132.smt2,11.94,3.12
./QF_NRA/meti-tarski/atan/vega/3/weak/atan-vega-3-weak-chunk-0575.smt2,9.36,8.83
./QF_NRA/meti-tarski/atan/vega/3/weak/atan-vega-3-weak-chunk-0331.smt2,17.96,6.93
./QF_NRA/meti-tarski/atan/vega/3/weak/atan-vega-3-weak-chunk-0604.smt2,2.54,2.49
./QF_NRA/meti-tarski/atan/vega/3/weak/atan-vega-3-weak-chunk-0457.smt2,9.84,17.19
./QF_NRA/meti-tarski/atan/vega/3/weak/atan-vega-3-weak-chunk-0159.smt2,2.68,1.72
./QF_NRA/meti-tarski/atan/vega/3/weak/atan-vega-3-weak-chunk-0205.smt2,1.09,0.81
./QF_NRA/meti-tarski/atan/vega/3/weak/atan-vega-3-weak-chunk-0488.smt2,10.05,4.24
./QF_NRA/meti-tarski/atan/vega/3/weak/atan-vega-3-weak-chunk-0690.smt2,0.38,0.13
./QF_NRA/meti-tarski/atan/vega/3/weak/atan-vega-3-weak-chunk-0223.smt2,0.55,0.28
./QF_NRA/meti-tarski/atan/vega/3/weak/atan-vega-3-weak-chunk-0621.smt2,2.19,2.33
./QF_NRA/meti-tarski/atan/vega/3/atan-vega-3-chunk-0359.smt2,49.21,18.49
./QF_NRA/meti-tarski/atan/vega/3/weak/atan-vega-3-weak-chunk-0271.smt2,1.22,1.12
./QF_NRA/meti-tarski/atan/vega/3/weak/atan-vega-3-weak-chunk-0644.smt2,4.33,2.24
./QF_NRA/meti-tarski/atan/vega/3/weak/atan-vega-3-weak-chunk-0553.smt2,0.84,0.96
./QF_NRA/meti-tarski/atan/vega/3/weak/atan-vega-3-weak-chunk-0190.smt2,3.08,1.30
./QF_NRA/meti-tarski/atan/vega/3/weak/atan-vega-3-weak-chunk-0283.smt2,12.68,5.47
./QF_NRA/meti-tarski/atan/vega/3/weak/atan-vega-3-weak-chunk-0492.smt2,1.34,0.62
./QF_NRA/meti-tarski/atan/vega/3/weak/atan-vega-3-weak-chunk-0392.smt2,33.18,7.01
./QF_NRA/meti-tarski/atan/vega/3/weak/atan-vega-3-weak-chunk-0499.smt2,16.69,8.91
./QF_NRA/meti-tarski/atan/vega/3/weak/atan-vega-3-weak-chunk-0696.smt2,1.30,1.21
./QF_NRA/meti-tarski/atan/vega/3/atan-vega-3-chunk-0356.smt2,28.10,33.45
./QF_NRA/meti-tarski/atan/vega/3/weak/atan-vega-3-weak-chunk-0421.smt2,4.23,2.37
./QF_NRA/meti-tarski/atan/vega/3/weak/atan-vega-3-weak-chunk-0581.smt2,2.76,0.84
./QF_NRA/meti-tarski/atan/vega/3/weak/atan-vega-3-weak-chunk-0702.smt2,8.99,2.95
./QF_NRA/meti-tarski/atan/vega/3/weak/atan-vega-3-weak-chunk-0204.smt2,2.17,1.17
./QF_NRA/meti-tarski/atan/vega/3/atan-vega-3-chunk-0579.smt2,28.59,44.34
./QF_NRA/meti-tarski/atan/vega/3/atan-vega-3-chunk-0165.smt2,8.90,111.64
./QF_NRA/meti-tarski/atan/vega/3/weak/atan-vega-3-weak-chunk-0365.smt2,18.27,4.03
./QF_NRA/meti-tarski/atan/vega/3/weak/atan-vega-3-weak-chunk-0408.smt2,0.49,0.71
./QF_NRA/meti-tarski/atan/vega/3/weak/atan-vega-3-weak-chunk-0302.smt2,1.06,0.83
./QF_NRA/meti-tarski/atan/vega/3/weak/atan-vega-3-weak-chunk-0270.smt2,2.22,0.93
./QF_NRA/meti-tarski/atan/vega/3/weak/atan-vega-3-weak-chunk-0554.smt2,2.99,1.06
./QF_NRA/meti-tarski/atan/vega/3/weak/atan-vega-3-weak-chunk-0073.smt2,3.72,1.45
./QF_NRA/meti-tarski/atan/vega/3/weak/atan-vega-3-weak-chunk-0629.smt2,5.51,1.96
./QF_NRA/meti-tarski/atan/vega/3/weak/atan-vega-3-weak-chunk-0715.smt2,7.72,5.15
./QF_NRA/meti-tarski/atan/vega/3/weak/atan-vega-3-weak-chunk-0376.smt2,7.82,6.54
./QF_NRA/meti-tarski/atan/vega/3/weak/atan-vega-3-weak-chunk-0641.smt2,1.93,1.04
./QF_NRA/meti-tarski/atan/vega/3/weak/atan-vega-3-weak-chunk-0548.smt2,1.94,1.92
./QF_NRA/meti-tarski/atan/vega/3/weak/atan-vega-3-weak-chunk-0502.smt2,9.14,7.20
./QF_NRA/meti-tarski/atan/vega/3/weak/atan-vega-3-weak-chunk-0571.smt2,4.52,1.53
./QF_NRA/meti-tarski/atan/vega/3/weak/atan-vega-3-weak-chunk-0300.smt2,4.14,0.91
./QF_NRA/meti-tarski/atan/vega/3/weak/atan-vega-3-weak-chunk-0346.smt2,2.05,0.94
./QF_NRA/meti-tarski/atan/vega/3/weak/atan-vega-3-weak-chunk-0582.smt2,3.02,2.07
./QF_NRA/meti-tarski/atan/vega/3/weak/atan-vega-3-weak-chunk-0320.smt2,0.88,0.85
./QF_NRA/meti-tarski/atan/vega/3/weak/atan-vega-3-weak-chunk-0720.smt2,18.27,6.27
./QF_NRA/meti-tarski/atan/vega/3/weak/atan-vega-3-weak-chunk-0134.smt2,11.86,8.51
./QF_NRA/meti-tarski/atan/vega/3/weak/atan-vega-3-weak-chunk-0527.smt2,3.70,2.30
./QF_NRA/meti-tarski/atan/vega/3/atan-vega-3-chunk-0234.smt2,59.06,8.23
./QF_NRA/meti-tarski/atan/vega/3/weak/atan-vega-3-weak-chunk-0507.smt2,4.83,2.58
./QF_NRA/meti-tarski/atan/vega/3/weak/atan-vega-3-weak-chunk-0669.smt2,19.66,5.29
./QF_NRA/meti-tarski/atan/vega/3/weak/atan-vega-3-weak-chunk-0482.smt2,1.78,2.03
./QF_NRA/meti-tarski/atan/vega/3/weak/atan-vega-3-weak-chunk-0219.smt2,1.70,0.74
./QF_NRA/meti-tarski/atan/vega/3/weak/atan-vega-3-weak-chunk-0149.smt2,2.83,1.85
./QF_NRA/meti-tarski/polypaver/bench-sqrt-3d/polypaver-bench-sqrt-3d-chunk-0504.smt2,24.26,260.39
./QF_NRA/meti-tarski/atan/vega/3/weak/atan-vega-3-weak-chunk-0494.smt2,20.07,7.52
./QF_NRA/meti-tarski/atan/vega/3/weak/atan-vega-3-weak-chunk-0145.smt2,0.92,0.79
./QF_NRA/meti-tarski/atan/vega/3/atan-vega-3-chunk-0554.smt2,74.38,93.43
./QF_NRA/meti-tarski/atan/vega/3/weak/atan-vega-3-weak-chunk-0299.smt2,0.41,0.30
./QF_NRA/meti-tarski/atan/vega/3/weak/atan-vega-3-weak-chunk-0563.smt2,4.65,2.17
./QF_NRA/meti-tarski/atan/vega/3/weak/atan-vega-3-weak-chunk-0542.smt2,1.65,1.87
./QF_NRA/meti-tarski/atan/vega/3/weak/atan-vega-3-weak-chunk-0317.smt2,7.10,3.95
./QF_NRA/meti-tarski/atan/vega/3/weak/atan-vega-3-weak-chunk-0315.smt2,17.91,5.13
./QF_NRA/meti-tarski/atan/vega/3/weak/atan-vega-3-weak-chunk-0206.smt2,6.20,1.61
./QF_NRA/meti-tarski/atan/vega/3/atan-vega-3-chunk-0558.smt2,71.11,17.83
./QF_NRA/meti-tarski/atan/vega/3/weak/atan-vega-3-weak-chunk-0426.smt2,46.24,6.35
./QF_NRA/meti-tarski/atan/vega/3/weak/atan-vega-3-weak-chunk-0453.smt2,20.50,6.82
./QF_NRA/meti-tarski/atan/vega/3/weak/atan-vega-3-weak-chunk-0619.smt2,6.79,2.59
./QF_NRA/meti-tarski/atan/vega/3/weak/atan-vega-3-weak-chunk-0493.smt2,12.39,4.52
./QF_NRA/meti-tarski/atan/vega/3/weak/atan-vega-3-weak-chunk-0565.smt2,3.30,2.40
./QF_NRA/meti-tarski/atan/vega/3/weak/atan-vega-3-weak-chunk-0491.smt2,14.65,4.06
./QF_NRA/meti-tarski/atan/vega/3/weak/atan-vega-3-weak-chunk-0289.smt2,0.63,1.40
./QF_NRA/meti-tarski/atan/vega/3/weak/atan-vega-3-weak-chunk-0437.smt2,27.23,6.93
./QF_NRA/meti-tarski/atan/vega/3/weak/atan-vega-3-weak-chunk-0301.smt2,0.45,0.92
./QF_NRA/meti-tarski/atan/vega/3/weak/atan-vega-3-weak-chunk-0588.smt2,3.73,2.47
./QF_NRA/meti-tarski/atan/vega/3/weak/atan-vega-3-weak-chunk-0522.smt2,1.70,2.35
./QF_NRA/meti-tarski/atan/vega/3/weak/atan-vega-3-weak-chunk-0122.smt2,0.59,0.41
./QF_NRA/meti-tarski/atan/vega/3/weak/atan-vega-3-weak-chunk-0587.smt2,0.79,1.36
./QF_NRA/meti-tarski/atan/vega/3/weak/atan-vega-3-weak-chunk-0296.smt2,8.05,5.66
./QF_NRA/meti-tarski/atan/vega/3/weak/atan-vega-3-weak-chunk-0505.smt2,1.38,1.97
./QF_NRA/meti-tarski/atan/vega/3/weak/atan-vega-3-weak-chunk-0668.smt2,9.34,5.06
./QF_NRA/meti-tarski/atan/vega/3/weak/atan-vega-3-weak-chunk-0418.smt2,2.60,2.22
./QF_NRA/meti-tarski/atan/vega/3/weak/atan-vega-3-weak-chunk-0110.smt2,0.42,0.23
./QF_NRA/meti-tarski/atan/vega/3/weak/atan-vega-3-weak-chunk-0590.smt2,0.97,0.74
./QF_NRA/meti-tarski/atan/vega/3/weak/atan-vega-3-weak-chunk-0579.smt2,2.42,1.05
./QF_NRA/meti-tarski/atan/vega/3/weak/atan-vega-3-weak-chunk-0468.smt2,0.65,0.83
./QF_NRA/meti-tarski/atan/vega/3/weak/atan-vega-3-weak-chunk-0180.smt2,0.31,0.14
./QF_NRA/meti-tarski/atan/vega/3/weak/atan-vega-3-weak-chunk-0327.smt2,56.32,12.76
./QF_NRA/meti-tarski/atan/vega/3/weak/atan-vega-3-weak-chunk-0341.smt2,2.46,0.95
./QF_NRA/meti-tarski/atan/vega/3/weak/atan-vega-3-weak-chunk-0363.smt2,17.48,5.10
./QF_NRA/meti-tarski/atan/vega/3/weak/atan-vega-3-weak-chunk-0691.smt2,2.22,0.76
./QF_NRA/meti-tarski/atan/vega/3/weak/atan-vega-3-weak-chunk-0072.smt2,2.39,0.92
./QF_NRA/meti-tarski/atan/vega/3/weak/atan-vega-3-weak-chunk-0664.smt2,5.78,3.20
./QF_NRA/meti-tarski/atan/vega/3/weak/atan-vega-3-weak-chunk-0469.smt2,1.26,1.93
./QF_NRA/meti-tarski/atan/vega/3/weak/atan-vega-3-weak-chunk-0704.smt2,7.11,4.78
./QF_NRA/meti-tarski/atan/vega/3/weak/atan-vega-3-weak-chunk-0711.smt2,12.06,6.01
./QF_NRA/meti-tarski/atan/vega/3/weak/atan-vega-3-weak-chunk-0583.smt2,2.10,0.85
./QF_NRA/meti-tarski/atan/vega/3/weak/atan-vega-3-weak-chunk-0230.smt2,1.49,0.56
./QF_NRA/meti-tarski/atan/vega/3/weak/atan-vega-3-weak-chunk-0273.smt2,4.91,4.90
./QF_NRA/meti-tarski/atan/vega/3/weak/atan-vega-3-weak-chunk-0616.smt2,2.13,0.89
./QF_NRA/meti-tarski/atan/vega/3/weak/atan-vega-3-weak-chunk-0498.smt2,2.44,0.91
./QF_NRA/meti-tarski/atan/vega/3/weak/atan-vega-3-weak-chunk-0260.smt2,18.09,60.77
./QF_NRA/meti-tarski/atan/vega/3/weak/atan-vega-3-weak-chunk-0129.smt2,8.26,6.07
./QF_NRA/meti-tarski/atan/vega/3/weak/atan-vega-3-weak-chunk-0719.smt2,8.55,6.42
./QF_NRA/meti-tarski/atan/vega/3/weak/atan-vega-3-weak-chunk-0414.smt2,23.10,13.43
./QF_NRA/meti-tarski/atan/vega/3/atan-vega-3-chunk-0088.smt2,1.82,0.40
./QF_NRA/meti-tarski/atan/vega/3/atan-vega-3-chunk-0061.smt2,1.44,0.60
./QF_NRA/meti-tarski/atan/vega/3/weak/atan-vega-3-weak-chunk-0240.smt2,15.37,5.08
./QF_NRA/meti-tarski/atan/vega/3/weak/atan-vega-3-weak-chunk-0276.smt2,21.05,13.92
./QF_NRA/meti-tarski/atan/vega/3/weak/atan-vega-3-weak-chunk-0416.smt2,30.44,5.68
./QF_NRA/meti-tarski/atan/vega/3/weak/atan-vega-3-weak-chunk-0291.smt2,9.72,4.46
./QF_NRA/meti-tarski/atan/vega/3/weak/atan-vega-3-weak-chunk-0371.smt2,20.78,10.65
./QF_NRA/meti-tarski/atan/vega/3/atan-vega-3-chunk-0130.smt2,5.97,3.38
./QF_NRA/meti-tarski/atan/vega/3/weak/atan-vega-3-weak-chunk-0280.smt2,27.35,9.71
./QF_NRA/meti-tarski/atan/vega/3/weak/atan-vega-3-weak-chunk-0138.smt2,46.39,20.64
./QF_NRA/meti-tarski/atan/vega/3/weak/atan-vega-3-weak-chunk-0259.smt2,10.84,5.83
./QF_NRA/meti-tarski/atan/vega/3/atan-vega-3-chunk-0261.smt2,10.05,169.01
./QF_NRA/meti-tarski/atan/vega/3/weak/atan-vega-3-weak-chunk-0375.smt2,18.64,4.56
./QF_NRA/meti-tarski/atan/vega/3/atan-vega-3-chunk-0137.smt2,7.45,6.02
./QF_NRA/meti-tarski/atan/vega/3/atan-vega-3-chunk-0503.smt2,1.71,5.07
./QF_NRA/meti-tarski/atan/vega/3/atan-vega-3-chunk-0327.smt2,9.15,93.67
./QF_NRA/meti-tarski/atan/vega/3/weak/atan-vega-3-weak-chunk-0358.smt2,15.65,6.57
./QF_NRA/meti-tarski/atan/vega/3/weak/atan-vega-3-weak-chunk-0716.smt2,16.91,10.97
./QF_NRA/meti-tarski/polypaver/bench-sqrt-3d/polypaver-bench-sqrt-3d-chunk-0522.smt2,46.02,294.73
./QF_NRA/meti-tarski/sin/344/3/sin-344-3-chunk-0055.smt2,237.06,2.61
./QF_NRA/meti-tarski/atan/vega/3/atan-vega-3-chunk-0063.smt2,0.69,0.33
./QF_NRA/meti-tarski/atan/vega/3/atan-vega-3-chunk-0264.smt2,2.26,1.62
./QF_NRA/meti-tarski/atan/vega/3/atan-vega-3-chunk-0490.smt2,146.31,25.72
./QF_NRA/meti-tarski/polypaver/bench-sqrt-3d/polypaver-bench-sqrt-3d-chunk-0517.smt2,86.69,257.44
./QF_NRA/meti-tarski/atan/vega/3/weak/atan-vega-3-weak-chunk-0473.smt2,22.38,8.63
./QF_NRA/meti-tarski/atan/vega/3/weak/atan-vega-3-weak-chunk-0479.smt2,34.66,8.73
./QF_NRA/meti-tarski/atan/vega/3/weak/atan-vega-3-weak-chunk-0355.smt2,38.60,6.59
./QF_NRA/meti-tarski/atan/vega/3/atan-vega-3-chunk-0436.smt2,8.07,3.74
./QF_NRA/meti-tarski/atan/vega/3/weak/atan-vega-3-weak-chunk-0306.smt2,29.11,12.82
./QF_NRA/meti-tarski/atan/vega/3/atan-vega-3-chunk-0065.smt2,10.45,5.57
./QF_NRA/meti-tarski/atan/vega/3/atan-vega-3-chunk-0427.smt2,8.23,10.62
./QF_NRA/meti-tarski/atan/vega/3/atan-vega-3-chunk-0213.smt2,0.75,0.26
./QF_NRA/meti-tarski/atan/vega/3/atan-vega-3-chunk-0495.smt2,8.53,7.48
./QF_NRA/meti-tarski/atan/vega/3/atan-vega-3-chunk-0159.smt2,7.85,5.20
./QF_NRA/meti-tarski/atan/vega/3/atan-vega-3-chunk-0083.smt2,1.53,0.86
./QF_NRA/meti-tarski/atan/vega/3/atan-vega-3-chunk-0157.smt2,6.82,10.59
./QF_NRA/meti-tarski/atan/vega/3/atan-vega-3-chunk-0330.smt2,7.68,5.19
./QF_NRA/meti-tarski/atan/vega/3/atan-vega-3-chunk-0122.smt2,1.46,0.67
./QF_NRA/meti-tarski/atan/vega/3/atan-vega-3-chunk-0046.smt2,1.64,2.14
./QF_NRA/meti-tarski/atan/vega/3/atan-vega-3-chunk-0441.smt2,11.09,9.89
./QF_NRA/meti-tarski/atan/vega/3/atan-vega-3-chunk-0423.smt2,10.18,6.14
./QF_NRA/meti-tarski/atan/vega/3/atan-vega-3-chunk-0209.smt2,0.87,0.88
./QF_NRA/meti-tarski/atan/vega/3/atan-vega-3-chunk-0075.smt2,4.16,1.72
./QF_NRA/meti-tarski/atan/vega/3/atan-vega-3-chunk-0011.smt2,0.43,0.38
./QF_NRA/meti-tarski/polypaver/bench-sqrt-3d/polypaver-bench-sqrt-3d-chunk-0475.smt2,33.35,300
./QF_NRA/meti-tarski/atan/vega/3/weak/atan-vega-3-weak-chunk-0586.smt2,36.92,6.65
./QF_NRA/meti-tarski/atan/vega/3/atan-vega-3-chunk-0396.smt2,6.08,6.86
./QF_NRA/meti-tarski/polypaver/bench-sqrt-3d/polypaver-bench-sqrt-3d-chunk-0512.smt2,46.34,300
./QF_NRA/meti-tarski/atan/vega/3/atan-vega-3-chunk-0144.smt2,8.86,4.99
./QF_NRA/meti-tarski/atan/vega/3/atan-vega-3-chunk-0239.smt2,3.57,3.26
./QF_NRA/meti-tarski/atan/vega/3/atan-vega-3-chunk-0413.smt2,25.91,20.61
./QF_NRA/meti-tarski/atan/vega/3/atan-vega-3-chunk-0542.smt2,14.71,7.74
./QF_NRA/meti-tarski/atan/vega/3/atan-vega-3-chunk-0301.smt2,8.07,3.98
./QF_NRA/meti-tarski/atan/vega/3/atan-vega-3-chunk-0410.smt2,42.68,6.69
./QF_NRA/meti-tarski/atan/vega/3/atan-vega-3-chunk-0053.smt2,1.65,2.74
./QF_NRA/meti-tarski/atan/vega/3/weak/atan-vega-3-weak-chunk-0325.smt2,63.20,11.41
./QF_NRA/meti-tarski/atan/vega/3/atan-vega-3-chunk-0460.smt2,6.71,9.02
./QF_NRA/meti-tarski/atan/vega/3/atan-vega-3-chunk-0549.smt2,27.95,25.03
./QF_NRA/meti-tarski/atan/vega/3/atan-vega-3-chunk-0016.smt2,0.31,0.13
./QF_NRA/meti-tarski/atan/vega/3/atan-vega-3-chunk-0125.smt2,0.96,0.23
./QF_NRA/meti-tarski/atan/vega/3/atan-vega-3-chunk-0054.smt2,1.00,0.76
./QF_NRA/meti-tarski/atan/vega/3/atan-vega-3-chunk-0328.smt2,7.46,11.62
./QF_NRA/meti-tarski/polypaver/bench-sqrt-3d/polypaver-bench-sqrt-3d-chunk-0518.smt2,64.87,300
./QF_NRA/meti-tarski/atan/vega/3/weak/atan-vega-3-weak-chunk-0439.smt2,60.51,17.84
./QF_NRA/meti-tarski/atan/vega/3/atan-vega-3-chunk-0299.smt2,15.90,18.72
./QF_NRA/meti-tarski/atan/vega/3/atan-vega-3-chunk-0050.smt2,2.60,0.78
./QF_NRA/meti-tarski/atan/vega/3/atan-vega-3-chunk-0577.smt2,13.94,34.27
./QF_NRA/meti-tarski/atan/vega/3/atan-vega-3-chunk-0142.smt2,7.62,5.74
./QF_NRA/meti-tarski/atan/vega/3/atan-vega-3-chunk-0361.smt2,32.53,33.12
./QF_NRA/meti-tarski/atan/vega/3/atan-vega-3-chunk-0085.smt2,1.86,0.86
./QF_NRA/meti-tarski/atan/vega/3/atan-vega-3-chunk-0362.smt2,6.60,4.68
./QF_NRA/meti-tarski/atan/vega/3/atan-vega-3-chunk-0355.smt2,29.86,201.42
./QF_NRA/meti-tarski/atan/vega/3/atan-vega-3-chunk-0133.smt2,6.63,3.46
./QF_NRA/meti-tarski/atan/vega/3/atan-vega-3-chunk-0589.smt2,59.46,13.64
./QF_NRA/meti-tarski/atan/vega/3/atan-vega-3-chunk-0485.smt2,6.85,3.87
./QF_NRA/meti-tarski/sin/344/4/sin-344-4-chunk-0040.smt2,300.02,4.72
./QF_NRA/meti-tarski/atan/vega/3/atan-vega-3-chunk-0270.smt2,1.80,0.76
./QF_NRA/meti-tarski/atan/vega/3/atan-vega-3-chunk-0195.smt2,1.18,0.33
./QF_NRA/meti-tarski/atan/vega/3/atan-vega-3-chunk-0152.smt2,0.20,0.08
./QF_NRA/meti-tarski/atan/vega/3/weak/atan-vega-3-weak-chunk-0585.smt2,37.73,68.18
./QF_NRA/meti-tarski/atan/vega/3/atan-vega-3-chunk-0223.smt2,24.60,13.72
./QF_NRA/meti-tarski/atan/vega/3/atan-vega-3-chunk-0143.smt2,6.48,17.78
./QF_NRA/meti-tarski/atan/vega/3/weak/atan-vega-3-weak-chunk-0326.smt2,114.16,11.70
./QF_NRA/meti-tarski/atan/vega/3/weak/atan-vega-3-weak-chunk-0310.smt2,91.67,13.89
./QF_NRA/meti-tarski/atan/vega/3/atan-vega-3-chunk-0569.smt2,10.23,9.74
./QF_NRA/meti-tarski/atan/vega/3/atan-vega-3-chunk-0057.smt2,1.97,0.92
./QF_NRA/meti-tarski/atan/vega/3/atan-vega-3-chunk-0392.smt2,3.03,79.77
./QF_NRA/meti-tarski/atan/vega/3/atan-vega-3-chunk-0525.smt2,41.33,17.12
./QF_NRA/meti-tarski/atan/vega/3/atan-vega-3-chunk-0626.smt2,11.85,2.79
./QF_NRA/meti-tarski/atan/vega/3/atan-vega-3-chunk-0406.smt2,8.46,6.98
./QF_NRA/meti-tarski/atan/vega/3/atan-vega-3-chunk-0246.smt2,6.12,2.35
./QF_NRA/meti-tarski/atan/vega/3/atan-vega-3-chunk-0337.smt2,18.85,19.26
./QF_NRA/meti-tarski/atan/vega/3/atan-vega-3-chunk-0105.smt2,12.88,4.81
./QF_NRA/meti-tarski/atan/vega/3/atan-vega-3-chunk-0466.smt2,21.49,9.53
./QF_NRA/meti-tarski/atan/vega/3/atan-vega-3-chunk-0515.smt2,68.83,28.34
./QF_NRA/meti-tarski/atan/vega/3/atan-vega-3-chunk-0320.smt2,7.62,91.36
./QF_NRA/meti-tarski/atan/vega/3/atan-vega-3-chunk-0279.smt2,6.01,3.35
./QF_NRA/meti-tarski/atan/vega/3/atan-vega-3-chunk-0584.smt2,69.09,14.13
./QF_NRA/meti-tarski/atan/vega/3/atan-vega-3-chunk-0471.smt2,9.29,6.87
./QF_NRA/meti-tarski/atan/vega/3/atan-vega-3-chunk-0426.smt2,6.41,6.88
./QF_NRA/meti-tarski/atan/vega/3/atan-vega-3-chunk-0530.smt2,52.24,16.69
./QF_NRA/meti-tarski/atan/vega/3/atan-vega-3-chunk-0256.smt2,35.53,252.19
./QF_NRA/meti-tarski/CONVOI2/CONVOI2-chunk-0014.smt2,0.61,0.25
./QF_NRA/meti-tarski/atan/vega/3/atan-vega-3-chunk-0325.smt2,17.00,6.40
./QF_NRA/meti-tarski/Arthan/KM2/ArthanKM2-chunk-0005.smt2,1.17,0.45
./QF_NRA/meti-tarski/atan/vega/3/atan-vega-3-chunk-0339.smt2,26.27,21.35
./QF_NRA/meti-tarski/RL-high-pass-circuit/RL-high-pass-circuit-gain-chunk-0005.smt2,1.17,0.52
./QF_NRA/meti-tarski/atan/vega/3/atan-vega-3-chunk-0319.smt2,15.48,27.31
./QF_NRA/meti-tarski/atan/vega/3/atan-vega-3-chunk-0416.smt2,16.27,24.20
./QF_NRA/20220314-Uncu/Polynomial_Proof_Calls/ProveIneq_ISSAC10_ex1b.smt2,0.48,0.27
./QF_NRA/20220314-Uncu/Polynomial_Proof_Calls/ProveIneq_JSC_SUMCracker_16a.smt2,0.37,0.10
./QF_NRA/meti-tarski/bottom-plate-mixer/bottom-plate-mixer-chunk-0046.smt2,2.97,1.45
./QF_NRA/20220314-Uncu/Polynomial_Proof_Calls/ProveIneq_ISSAC10_ex2b.smt2,0.51,0.22
./QF_NRA/meti-tarski/atan/vega/3/atan-vega-3-chunk-0384.smt2,8.51,108.10
./QF_NRA/meti-tarski/atan/vega/3/atan-vega-3-chunk-0139.smt2,8.87,31.11
./QF_NRA/20220314-Uncu/Polynomial_Proof_Calls/ProveIneq_JSC_SUMCracker_19a.smt2,4.66,1.75
./QF_NRA/meti-tarski/Arthan/1C/Arthan1C-chunk-0003.smt2,9.22,5.72
./QF_NRA/meti-tarski/atan/vega/3/atan-vega-3-chunk-0302.smt2,6.86,121.40
./QF_NRA/meti-tarski/atan/vega/3/atan-vega-3-chunk-0341.smt2,36.23,24.01
./QF_NRA/meti-tarski/atan/vega/3/atan-vega-3-chunk-0340.smt2,27.99,25.62
./QF_NRA/meti-tarski/Arthan/1C/Arthan1C-chunk-0004.smt2,11.72,6.89
./QF_NRA/20220314-Uncu/Rational_Function_Proof_Calls_With_Basic_Denominator_Simplifications/BDC_ProveIneq_ISSAC05_AmerMathMonthly10347LHSa.smt2,5.70,2.70
./QF_NRA/20220314-Uncu/Rational_Function_Proof_Calls_With_Basic_Denominator_Simplifications/BDC_ProveIneq_ISSAC10_ex2c.smt2,4.48,2.74
./QF_NRA/meti-tarski/atan/vega/3/atan-vega-3-chunk-0418.smt2,31.56,8.69
./QF_NRA/meti-tarski/Arthan/1C/Arthan1C-chunk-0002.smt2,11.41,10.35
./QF_NRA/meti-tarski/atan/vega/3/atan-vega-3-chunk-0552.smt2,108.68,17.41
./QF_NRA/20220314-Uncu/Rational_Function_Proof_Calls_With_Disjunctive_Denominator_Simplifications/DDC_ProveIneq_ISSAC05_AmerMathMonthly10347LHSa.smt2,5.15,2.56
./QF_NRA/meti-tarski/atan/vega/3/atan-vega-3-chunk-0343.smt2,12.89,300
./QF_NRA/20220314-Uncu/Rational_Function_Proof_Calls_With_Disjunctive_Denominator_Simplifications/DDC_ProveIneq_ISSAC10_ex4b.smt2,7.64,5.24
./QF_NRA/meti-tarski/atan/vega/3/atan-vega-3-chunk-0473.smt2,83.45,27.25
./QF_NRA/20220314-Uncu/Rational_Function_Proof_Calls_With_Disjunctive_Denominator_Simplifications/DDC_ProveIneq_ISSAC10_ex4c.smt2,6.05,6.47
./QF_NRA/meti-tarski/atan/vega/3/atan-vega-3-chunk-0390.smt2,13.05,300
./QF_NRA/meti-tarski/atan/vega/3/atan-vega-3-chunk-0377.smt2,31.94,300
./QF_NRA/meti-tarski/atan/vega/3/atan-vega-3-chunk-0432.smt2,32.18,300
./QF_NRA/meti-tarski/atan/vega/3/atan-vega-3-chunk-0588.smt2,36.38,104.14
./QF_NRA/meti-tarski/atan/vega/3/atan-vega-3-chunk-0370.smt2,46.06,300
./QF_NRA/zankl/matrix-2-all-8.smt2,300.10,194.50
./QF_NRA/meti-tarski/atan/vega/3/atan-vega-3-chunk-0332.smt2,32.41,76.37
./QF_NRA/meti-tarski/atan/vega/3/atan-vega-3-chunk-0398.smt2,2.14,150.73
./QF_NRA/meti-tarski/atan/vega/3/weak/atan-vega-3-weak-chunk-0334.smt2,24.55,195.02
./QF_NRA/meti-tarski/atan/vega/3/weak/atan-vega-3-weak-chunk-0430.smt2,161.23,17.28
./QF_NRA/meti-tarski/atan/vega/3/atan-vega-3-chunk-0538.smt2,80.90,26.73
./QF_NRA/meti-tarski/atan/vega/3/atan-vega-3-chunk-0357.smt2,28.09,300
./QF_NRA/meti-tarski/atan/vega/3/atan-vega-3-chunk-0385.smt2,12.90,147.39
./QF_NRA/meti-tarski/atan/vega/3/atan-vega-3-chunk-0561.smt2,35.05,55.98
./QF_NRA/meti-tarski/atan/vega/3/atan-vega-3-chunk-0240.smt2,1.59,174.20
./QF_NRA/meti-tarski/atan/vega/3/atan-vega-3-chunk-0354.smt2,105.54,92.31
./QF_NRA/meti-tarski/atan/vega/3/atan-vega-3-chunk-0232.smt2,35.76,125.26
./QF_NRA/meti-tarski/atan/vega/3/atan-vega-3-chunk-0116.smt2,4.72,155.67
./QF_NRA/meti-tarski/atan/vega/3/atan-vega-3-chunk-0442.smt2,109.83,18.15
./QF_NRA/meti-tarski/atan/vega/3/atan-vega-3-chunk-0290.smt2,23.41,300
./QF_NRA/meti-tarski/atan/vega/3/atan-vega-3-chunk-0521.smt2,43.52,118.71
./QF_NRA/meti-tarski/atan/vega/3/atan-vega-3-chunk-0265.smt2,17.37,164.81
./QF_NRA/meti-tarski/atan/vega/3/atan-vega-3-chunk-0536.smt2,37.54,93.23
./QF_NRA/meti-tarski/atan/vega/3/atan-vega-3-chunk-0308.smt2,14.67,191.67
./QF_NRA/meti-tarski/atan/vega/3/atan-vega-3-chunk-0281.smt2,1.25,126.41
./QF_NRA/meti-tarski/atan/vega/3/atan-vega-3-chunk-0177.smt2,21.64,111.43
./QF_NRA/meti-tarski/atan/vega/3/atan-vega-3-chunk-0211.smt2,2.48,116.80
./QF_NRA/meti-tarski/atan/vega/3/atan-vega-3-chunk-0303.smt2,28.29,300
./QF_NRA/meti-tarski/atan/vega/3/atan-vega-3-chunk-0373.smt2,43.62,139.18
./QF_NRA/meti-tarski/atan/vega/3/atan-vega-3-chunk-0190.smt2,37.66,82.83
./QF_NRA/meti-tarski/atan/vega/3/weak/atan-vega-3-weak-chunk-0574.smt2,20.40,283.61
./QF_NRA/meti-tarski/atan/vega/3/atan-vega-3-chunk-0309.smt2,13.39,116.90
./QF_NRA/meti-tarski/atan/vega/3/weak/atan-vega-3-weak-chunk-0312.smt2,22.32,269.85
./QF_NRA/meti-tarski/atan/vega/3/atan-vega-3-chunk-0342.smt2,13.07,158.30
./QF_NRA/meti-tarski/atan/vega/3/atan-vega-3-chunk-0259.smt2,7.80,131.80
./QF_NRA/meti-tarski/atan/vega/3/atan-vega-3-chunk-0182.smt2,30.36,142.94
./QF_NRA/meti-tarski/atan/vega/3/atan-vega-3-chunk-0551.smt2,92.92,300
./QF_NRA/meti-tarski/atan/vega/3/weak/atan-vega-3-weak-chunk-0239.smt2,16.50,238.08
./QF_NRA/meti-tarski/atan/vega/3/atan-vega-3-chunk-0446.smt2,220.25,21.58
./QF_NRA/meti-tarski/atan/vega/3/atan-vega-3-chunk-0368.smt2,178.79,2.76
./QF_NRA/20200911-Pine/1599122159700397000.smt2,123.53,11.03
./QF_NRA/meti-tarski/atan/vega/3/atan-vega-3-chunk-0352.smt2,42.63,216.35
./QF_NRA/meti-tarski/atan/vega/3/atan-vega-3-chunk-0310.smt2,55.16,195.20
./QF_NRA/meti-tarski/atan/vega/3/atan-vega-3-chunk-0284.smt2,25.52,202.01
./QF_NRA/meti-tarski/atan/vega/3/atan-vega-3-chunk-0367.smt2,35.22,194.55
./QF_NRA/hycomp/ball_count_2d_hill_simple.02.qfree_global_6.smt2,122.87,32.44
./QF_NRA/meti-tarski/atan/vega/3/weak/atan-vega-3-weak-chunk-0307.smt2,152.57,218.87
./QF_NRA/meti-tarski/atan/vega/3/atan-vega-3-chunk-0494.smt2,54.74,245.22
./QF_NRA/meti-tarski/atan/vega/3/atan-vega-3-chunk-0307.smt2,44.50,213.92
./QF_NRA/meti-tarski/atan/vega/3/weak/atan-vega-3-weak-chunk-0344.smt2,81.00,300
./QF_NRA/meti-tarski/atan/vega/3/weak/atan-vega-3-weak-chunk-0329.smt2,263.23,184.90
./QF_NRA/hycomp/ball_count_2d_hill_simple.05.qfree_global_10.smt2,186.47,129.58
